chrome.exe : [19156:7236:0929/024157.960:VERBOSE1:components\enterprise\browser\controller\chrome_browser_cloud_managem
ent_controller.cc:124] DM token = empty
At line:1 char:108
+ ... oString()); & "C:\Program Files\Google\Chrome\Application\chrome.exe" ...
+                 ~~~~~~~~~~~~~~~~~~~~~~~~~~~~~~~~~~~~~~~~~~~~~~~~~~~~~~~~~
    + CategoryInfo          : NotSpecified: ([19156:7236:092...M token = empty:String) [], RemoteException
    + FullyQualifiedErrorId : NativeCommandError
 
[19156:7236:0929/024157.960:VERBOSE1:components\enterprise\browser\controller\chrome_browser_cloud_management_controlle
r.cc:130] Enrollment token = 
[19156:7236:0929/024157.960:VERBOSE1:components\enterprise\browser\controller\chrome_browser_cloud_management_controlle
r.cc:131] Client ID = 15f4b652-cf88-4315-8e66-a131f5d1871f
[19156:7236:0929/024157.960:VERBOSE1:components\policy\core\common\policy_service_impl.cc:632] Taking initial snapshot 
of POLICY_DOMAIN_CHROME policies
[19156:7236:0929/024157.966:VERBOSE1:components\variations\service\variations_field_trial_creator.cc:84] 
VariationsSeedUsage:2
[19156:7236:0929/024157.966:VERBOSE1:components\variations\service\variations_field_trial_creator.cc:407] 
VariationsSetupComplete
[19156:7236:0929/024157.975:VERBOSE1:base\allocator\scheduler_loop_quarantine_config.cc:199] No entry found for 
browser/global.
[19156:7236:0929/024157.975:VERBOSE1:base\allocator\scheduler_loop_quarantine_config.cc:199] No entry found for 
browser/*.
[19156:7236:0929/024158.016:VERBOSE1:chrome\browser\media\webrtc\webrtc_event_log_manager.cc:126] WebRTC remote-bound 
event logging enabled.
[19156:7236:0929/024158.016:VERBOSE1:components\proxy_config\pref_proxy_config_tracker_impl.cc:510] 0x35c4000a4780: 
set chrome proxy config service to 0x35c4001912c0
[19156:7236:0929/024158.016:VERBOSE1:components\device_event_log\device_event_log_impl.cc:214] [02:41:58.028] Display: 
EVENT: screen_win.cc:1097 Displays updated, count: 1
[19156:7236:0929/024158.016:VERBOSE1:components\device_event_log\device_event_log_impl.cc:214] [02:41:58.028] Display: 
EVENT: screen_win.cc:1099 Display[2300000000] bounds=[0,0 800x600], workarea=[0,0 800x600], scale=1, rotation=0, 
panel_rotation=0 external detected
[19156:8496:0929/024158.043:VERBOSE1:components\component_updater\component_installer.cc:514] StartRegistration for 
Optimization Guide On DeviceModels Manifest
[19156:7236:0929/024158.047:VERBOSE1:components\enterprise\browser\controller\chrome_browser_cloud_management_controlle
r.cc:213] Starting CBCM Controller Initialization
[19156:7236:0929/024158.047:INFO:components\enterprise\browser\controller\chrome_browser_cloud_management_controller.cc
:241] No machine level policy manager exists.
[19156:7236:0929/024158.049:VERBOSE1:chrome\installer\util\install_util.cc:218] Existing Chrome version found: 
154.0.8037.57
[19156:7236:0929/024158.050:VERBOSE1:chrome\browser\enterprise\platform_auth\platform_auth_policy_observer.cc:108] 
PlatformAuthProviderManager enabled: 0
[19156:7236:0929/024158.058:VERBOSE1:components\policy\core\common\cloud\user_cloud_policy_store.cc:146] 
[policy_type=google/chrome/user] Initiating immediate policy load from disk
[19156:7236:0929/024158.058:VERBOSE1:components\policy\core\common\cloud\user_cloud_policy_store.cc:249] 
[policy_type=google/chrome/user] No policy found on disk
[19156:7236:0929/024158.058:VERBOSE1:components\policy\core\common\cloud\user_cloud_policy_store.cc:146] 
[policy_type=google/extension-install-cloud-policy/chrome/user] Initiating immediate policy load from disk
[19156:7236:0929/024158.058:VERBOSE1:components\policy\core\common\cloud\user_cloud_policy_store.cc:249] 
[policy_type=google/extension-install-cloud-policy/chrome/user] No policy found on disk
[19156:7236:0929/024158.058:VERBOSE1:components\policy\core\common\policy_service_impl.cc:632] Taking initial snapshot 
of POLICY_DOMAIN_CHROME policies
[19156:7236:0929/024158.093:VERBOSE1:components\proxy_config\pref_proxy_config_tracker_impl.cc:510] 0x35c4000a61c0: 
set chrome proxy config service to 0x35c400193c00
[19156:7236:0929/024158.096:VERBOSE1:components\signin\internal\identity_manager\mutable_profile_oauth2_token_service_d
elegate.cc:355] MutablePO2TS::MutablePO2TS
[19156:7236:0929/024158.099:VERBOSE1:google_apis\gaia\gaia_auth_util.cc:53] Canonicalized @gmail.com to @gmail.com
[19156:7236:0929/024158.099:VERBOSE1:google_apis\gaia\gaia_auth_util.cc:53] Canonicalized @gmail.com to @gmail.com
[19156:7236:0929/024158.099:VERBOSE1:components\signin\core\browser\account_reconcilor.cc:145] 
AccountReconcilor::AccountReconcilor
[19156:7236:0929/024158.099:VERBOSE1:components\signin\core\browser\account_reconcilor.cc:168] 
AccountReconcilor::Initialize
[19156:7236:0929/024158.099:VERBOSE1:components\signin\core\browser\account_reconcilor.cc:221] 
AccountReconcilor::RegisterWithContentSettings
[19156:7236:0929/024158.099:VERBOSE1:components\signin\core\browser\account_reconcilor.cc:244] 
AccountReconcilor::RegisterWithIdentityManager
[19156:7236:0929/024158.103:VERBOSE1:components\proxy_config\pref_proxy_config_tracker_impl.cc:510] 0x35c4000a6580: 
set chrome proxy config service to 0x35c400193660
[19156:7236:0929/024158.103:VERBOSE1:chrome\browser\permissions\prediction_service\prediction_model_handler_provider_fa
ctory.cc:62] [PermissionsAI]: PredictionModelHandlerProviderFactory::BuildServiceInstanceForBrowserContext
[19156:7236:0929/024158.103:VERBOSE1:chrome\browser\permissions\prediction_service\prediction_model_handler_provider_fa
ctory.cc:99] [PermissionsAI]: PredictionModelHandlerProviderFactory::BuildServiceInstanceForBrowserContext 
PermissionsAIv4 not enabled, passage embedder not setup.
[19156:7236:0929/024158.103:VERBOSE1:chrome\browser\permissions\prediction_service\prediction_model_handler_provider.cc
:55] [PermissionsAI] PredictionModelHandlerProvider ctor passage_embedder available: false
[19156:7236:0929/024158.103:VERBOSE1:chrome\browser\permissions\prediction_service\prediction_model_handler_provider.cc
:58] [PermissionsAI] PredictionModelHandlerProvider ctor optimization_guide available: true
[19156:7236:0929/024158.105:VERBOSE1:components\signin\internal\identity_manager\mutable_profile_oauth2_token_service_d
elegate.cc:461] MutablePO2TS::RefreshTokenIsAvailable
[19156:7236:0929/024158.105:VERBOSE1:components\signin\internal\identity_manager\mutable_profile_oauth2_token_service_d
elegate.cc:461] MutablePO2TS::RefreshTokenIsAvailable
[19156:7236:0929/024158.107:VERBOSE1:components\signin\internal\identity_manager\mutable_profile_oauth2_token_service_d
elegate.cc:461] MutablePO2TS::RefreshTokenIsAvailable
[19156:7236:0929/024158.107:VERBOSE1:components\actor\core\aggregated_journal.cc:145] [ActorTool]: 
GlicActorPolicyChecker::ComputeActOnWebCapability: outcome=kNo reasons=kAccountCapabilityIneligible 
[19156:7236:0929/024158.107:VERBOSE1:components\signin\internal\identity_manager\mutable_profile_oauth2_token_service_d
elegate.cc:461] MutablePO2TS::RefreshTokenIsAvailable
[19156:7236:0929/024158.107:VERBOSE1:components\actor\core\aggregated_journal.cc:145] [ActorTool]: 
GlicActorPolicyChecker::ComputeActOnWebCapability: outcome=kNo reasons=kAccountCapabilityIneligible 
[19156:7236:0929/024158.107:VERBOSE1:components\signin\internal\identity_manager\mutable_profile_oauth2_token_service_d
elegate.cc:461] MutablePO2TS::RefreshTokenIsAvailable
[19156:7236:0929/024158.107:VERBOSE1:components\signin\internal\identity_manager\mutable_profile_oauth2_token_service_d
elegate.cc:461] MutablePO2TS::RefreshTokenIsAvailable
[19156:7236:0929/024158.107:VERBOSE1:components\signin\internal\identity_manager\mutable_profile_oauth2_token_service_d
elegate.cc:461] MutablePO2TS::RefreshTokenIsAvailable
[19156:7236:0929/024158.107:VERBOSE1:components\signin\internal\identity_manager\mutable_profile_oauth2_token_service_d
elegate.cc:461] MutablePO2TS::RefreshTokenIsAvailable
[19156:7236:0929/024158.107:VERBOSE1:components\signin\internal\identity_manager\mutable_profile_oauth2_token_service_d
elegate.cc:461] MutablePO2TS::RefreshTokenIsAvailable
[19156:7236:0929/024158.107:VERBOSE1:components\signin\internal\identity_manager\mutable_profile_oauth2_token_service_d
elegate.cc:461] MutablePO2TS::RefreshTokenIsAvailable
[19156:7236:0929/024158.107:VERBOSE1:components\signin\internal\identity_manager\mutable_profile_oauth2_token_service_d
elegate.cc:461] MutablePO2TS::RefreshTokenIsAvailable
[19156:7236:0929/024158.107:VERBOSE1:components\signin\internal\identity_manager\mutable_profile_oauth2_token_service_d
elegate.cc:461] MutablePO2TS::RefreshTokenIsAvailable
[19156:7236:0929/024158.107:VERBOSE1:components\signin\internal\identity_manager\mutable_profile_oauth2_token_service_d
elegate.cc:461] MutablePO2TS::RefreshTokenIsAvailable
[19156:7236:0929/024158.109:VERBOSE1:components\signin\internal\identity_manager\mutable_profile_oauth2_token_service_d
elegate.cc:461] MutablePO2TS::RefreshTokenIsAvailable
[19156:17760:0929/024158.127:VERBOSE1:net\disk_cache\simple\simple_index_file.cc:625] Simple Cache Index is being 
restored from disk.
[19156:15000:0929/024158.133:VERBOSE1:net\disk_cache\simple\simple_index_file.cc:625] Simple Cache Index is being 
restored from disk.
[19156:7236:0929/024158.135:VERBOSE1:extensions\browser\extension_registrar.cc:573] AddComponentExtension Chrome PDF 
Viewer
[19156:7236:0929/024158.135:VERBOSE1:extensions\browser\extension_registrar.cc:575] Component extension Chrome PDF 
Viewer (mhjfbmdgcfjbbpaeojofohoefgiehjai) installing/upgrading from '' to 1
[19156:7236:0929/024158.137:VERBOSE1:extensions\browser\extension_registrar.cc:573] AddComponentExtension Google 
Hangouts
[19156:7236:0929/024158.137:VERBOSE1:extensions\browser\extension_registrar.cc:575] Component extension Google 
Hangouts (nkeimhogjdpnpccoofpliimaahmaaome) installing/upgrading from '' to 1.3.26
[19156:7236:0929/024158.139:VERBOSE1:extensions\browser\extension_registrar.cc:573] AddComponentExtension Google 
Network Speech
[19156:7236:0929/024158.139:VERBOSE1:extensions\browser\extension_registrar.cc:575] Component extension Google Network 
Speech (fignfifoniblkonapihmkfakmlgkbkcf) installing/upgrading from '' to 1.0
[19156:7236:0929/024158.143:VERBOSE1:components\signin\internal\identity_manager\mutable_profile_oauth2_token_service_d
elegate.cc:461] MutablePO2TS::RefreshTokenIsAvailable
[19156:7236:0929/024158.145:VERBOSE1:components\signin\internal\identity_manager\mutable_profile_oauth2_token_service_d
elegate.cc:461] MutablePO2TS::RefreshTokenIsAvailable
[19156:7236:0929/024158.145:VERBOSE1:components\signin\internal\identity_manager\mutable_profile_oauth2_token_service_d
elegate.cc:461] MutablePO2TS::RefreshTokenIsAvailable
[19156:7236:0929/024158.145:VERBOSE1:components\component_updater\installer_policies\on_device_head_suggest_component_i
nstaller.cc:59] On Device Head Component will fetch model for locale: ENUS500000
[19156:7236:0929/024158.145:VERBOSE1:chrome\browser\component_updater\trust_token_key_commitments_component_installer.c
c:22] Registering Trust Token Key Commitments component.
[19156:7236:0929/024158.145:VERBOSE1:chrome\browser\component_updater\first_party_sets_component_installer.cc:40] 
Registering Related Website Sets component.
[19156:7236:0929/024158.147:VERBOSE1:chrome\browser\component_updater\privacy_sandbox_attestations_component_installer.
cc:181] Registering Privacy Sandbox Attestations component
[19156:7236:0929/024158.147:VERBOSE1:components\component_updater\installer_policies\actor_safety_lists_component_insta
ller.cc:140] Registering Actor Safety Lists Component.
[19156:7236:0929/024158.147:VERBOSE1:chrome\browser\component_updater\file_type_policies_component_installer.cc:126] 
Registering File Type Policies component.
[19156:7236:0929/024158.147:VERBOSE1:chrome\browser\component_updater\hyphenation_component_installer.cc:153] 
Registering Hyphenation component.
[19156:24500:0929/024158.147:VERBOSE1:components\component_updater\component_installer.cc:514] StartRegistration for 
Privacy Sandbox Attestations
[19156:7236:0929/024158.147:VERBOSE1:chrome\browser\component_updater\translate_kit_component_installer.cc:211] 
Registering TranslateKit component.
[19156:7236:0929/024158.147:VERBOSE1:chrome\browser\component_updater\wasm_tts_engine_component_installer.cc:292] 
Registering WASM TTS Engine component.
[19156:7236:0929/024158.147:VERBOSE1:chrome\browser\component_updater\captcha_provider_component_installer.cc:174] 
Registering Captcha Provider component.
[19156:24500:0929/024158.147:VERBOSE1:components\component_updater\component_installer.cc:333] Preinstalled component 
found for Privacy Sandbox Attestations at C:\Program 
Files\Google\Chrome\Application\154.0.8037.57\PrivacySandboxAttestationsPreloaded with version 2025.7.18.0.
[19156:7236:0929/024158.149:VERBOSE1:chrome\browser\profiles\profile_manager.cc:1401] AddKeepAlive(Default, 
kBrowserWindow). keep_alives=[kWaitingForFirstBrowserWindow (1), kBrowserWindow (1)]
[19156:7236:0929/024158.149:VERBOSE1:chrome\browser\profiles\profile_manager.cc:1483] 
ClearFirstBrowserWindowKeepAlive(Default). keep_alives=[kBrowserWindow (1)]
[19156:7236:0929/024158.149:VERBOSE1:components\signin\internal\identity_manager\mutable_profile_oauth2_token_service_d
elegate.cc:461] MutablePO2TS::RefreshTokenIsAvailable
[19156:7236:0929/024158.149:VERBOSE1:components\signin\internal\identity_manager\mutable_profile_oauth2_token_service_d
elegate.cc:461] MutablePO2TS::RefreshTokenIsAvailable
[19156:7236:0929/024158.151:VERBOSE1:components\signin\internal\identity_manager\mutable_profile_oauth2_token_service_d
elegate.cc:461] MutablePO2TS::RefreshTokenIsAvailable
[19156:7236:0929/024158.151:VERBOSE1:components\signin\internal\identity_manager\mutable_profile_oauth2_token_service_d
elegate.cc:461] MutablePO2TS::RefreshTokenIsAvailable
[19156:7236:0929/024158.151:VERBOSE1:components\signin\internal\identity_manager\mutable_profile_oauth2_token_service_d
elegate.cc:461] MutablePO2TS::RefreshTokenIsAvailable
[19156:7236:0929/024158.151:VERBOSE1:components\signin\internal\identity_manager\mutable_profile_oauth2_token_service_d
elegate.cc:461] MutablePO2TS::RefreshTokenIsAvailable
[19156:7236:0929/024158.151:VERBOSE1:components\signin\internal\identity_manager\mutable_profile_oauth2_token_service_d
elegate.cc:461] MutablePO2TS::RefreshTokenIsAvailable
[19156:7236:0929/024158.151:VERBOSE1:components\signin\internal\identity_manager\mutable_profile_oauth2_token_service_d
elegate.cc:461] MutablePO2TS::RefreshTokenIsAvailable
[19156:7236:0929/024158.151:VERBOSE1:components\signin\internal\identity_manager\mutable_profile_oauth2_token_service_d
elegate.cc:461] MutablePO2TS::RefreshTokenIsAvailable
[19156:7236:0929/024158.151:VERBOSE1:components\signin\internal\identity_manager\mutable_profile_oauth2_token_service_d
elegate.cc:461] MutablePO2TS::RefreshTokenIsAvailable
[19156:7236:0929/024158.151:VERBOSE1:components\signin\internal\identity_manager\mutable_profile_oauth2_token_service_d
elegate.cc:461] MutablePO2TS::RefreshTokenIsAvailable
[19156:7236:0929/024158.151:VERBOSE1:components\signin\internal\identity_manager\mutable_profile_oauth2_token_service_d
elegate.cc:461] MutablePO2TS::RefreshTokenIsAvailable
[19156:7236:0929/024158.151:VERBOSE1:components\signin\internal\identity_manager\mutable_profile_oauth2_token_service_d
elegate.cc:461] MutablePO2TS::RefreshTokenIsAvailable
[19156:7236:0929/024158.151:VERBOSE1:components\signin\internal\identity_manager\mutable_profile_oauth2_token_service_d
elegate.cc:461] MutablePO2TS::RefreshTokenIsAvailable
[19156:7236:0929/024158.165:VERBOSE1:components\signin\internal\identity_manager\mutable_profile_oauth2_token_service_d
elegate.cc:461] MutablePO2TS::RefreshTokenIsAvailable
[19156:7236:0929/024158.165:VERBOSE1:components\signin\internal\identity_manager\mutable_profile_oauth2_token_service_d
elegate.cc:461] MutablePO2TS::RefreshTokenIsAvailable
[19156:7236:0929/024158.231:VERBOSE1:components\signin\internal\identity_manager\mutable_profile_oauth2_token_service_d
elegate.cc:461] MutablePO2TS::RefreshTokenIsAvailable
[19156:7236:0929/024158.244:VERBOSE1:components\signin\internal\identity_manager\mutable_profile_oauth2_token_service_d
elegate.cc:461] MutablePO2TS::RefreshTokenIsAvailable
[19156:10984:0929/024158.251:VERBOSE1:components\component_updater\component_installer.cc:514] StartRegistration for 
Chrome Improved Recovery
[19156:10984:0929/024158.260:VERBOSE1:components\component_updater\component_installer.cc:514] StartRegistration for 
Widevine Content Decryption Module
[19156:10984:0929/024158.260:VERBOSE1:components\component_updater\component_installer.cc:333] Preinstalled component 
found for Widevine Content Decryption Module at C:\Program Files\Google\Chrome\Application\154.0.8037.57\WidevineCdm 
with version 4.10.3112.0.
[19156:10984:0929/024158.262:VERBOSE1:components\component_updater\component_installer.cc:514] StartRegistration for 
Subresource Filter Rules
[19156:17760:0929/024158.262:VERBOSE1:components\component_updater\component_installer.cc:514] StartRegistration for 
OnDeviceHeadSuggest
[19156:24500:0929/024158.262:VERBOSE1:components\component_updater\component_installer.cc:514] StartRegistration for 
Optimization Hints
[19156:17760:0929/024158.262:VERBOSE1:components\component_updater\component_installer.cc:514] StartRegistration for 
Trust Token Key Commitments
[19156:24500:0929/024158.262:VERBOSE1:components\component_updater\component_installer.cc:514] StartRegistration for 
Actor Safety Lists
[19156:10984:0929/024158.266:VERBOSE1:components\component_updater\component_installer.cc:514] StartRegistration for 
Certificate Error Assistant
[19156:24500:0929/024158.269:VERBOSE1:components\component_updater\component_installer.cc:514] StartRegistration for 
File Type Policies
[19156:8496:0929/024158.271:VERBOSE1:components\component_updater\component_installer.cc:514] StartRegistration for 
CRLSet
[19156:7236:0929/024158.271:VERBOSE1:components\signin\internal\identity_manager\mutable_profile_oauth2_token_service_d
elegate.cc:461] MutablePO2TS::RefreshTokenIsAvailable
[19156:7236:0929/024158.271:VERBOSE1:components\signin\internal\identity_manager\mutable_profile_oauth2_token_service_d
elegate.cc:461] MutablePO2TS::RefreshTokenIsAvailable
[19156:21120:0929/024158.276:VERBOSE1:components\component_updater\component_installer.cc:514] StartRegistration for 
Origin Trials
[19156:17760:0929/024158.276:VERBOSE1:components\component_updater\component_installer.cc:514] StartRegistration for 
MEI Preload
[19156:17760:0929/024158.276:VERBOSE1:components\component_updater\component_installer.cc:333] Preinstalled component 
found for MEI Preload at C:\Program Files\Google\Chrome\Application\154.0.8037.57\MEIPreload with version 
1.0.7.1652906823.
[19156:24500:0929/024158.276:VERBOSE1:components\component_updater\component_installer.cc:514] StartRegistration for 
PKI Metadata
[19156:8496:0929/024158.276:VERBOSE1:components\component_updater\component_installer.cc:514] StartRegistration for 
Safety Tips
[19156:10984:0929/024158.276:VERBOSE1:components\component_updater\component_installer.cc:514] StartRegistration for 
Crowd Deny
[19156:21120:0929/024158.276:VERBOSE1:components\component_updater\component_installer.cc:514] StartRegistration for 
Hyphenation
[19156:24500:0929/024158.276:VERBOSE1:components\component_updater\component_installer.cc:514] StartRegistration for 
Zxcvbn Data Dictionaries
[19156:17760:0929/024158.276:VERBOSE1:components\component_updater\component_installer.cc:514] StartRegistration for 
Amount Extraction Heuristic Regexes
[19156:8496:0929/024158.283:VERBOSE1:components\component_updater\component_installer.cc:514] StartRegistration for 
WASM TTS Engine
[19156:18248:0929/024158.283:VERBOSE1:components\component_updater\component_installer.cc:514] StartRegistration for 
Captcha Providers
[19156:7236:0929/024158.304:VERBOSE1:components\signin\internal\identity_manager\mutable_profile_oauth2_token_service_d
elegate.cc:461] MutablePO2TS::RefreshTokenIsAvailable
[19156:7236:0929/024158.304:VERBOSE1:components\signin\internal\identity_manager\mutable_profile_oauth2_token_service_d
elegate.cc:461] MutablePO2TS::RefreshTokenIsAvailable
[19156:7236:0929/024158.304:VERBOSE1:components\signin\internal\identity_manager\mutable_profile_oauth2_token_service_d
elegate.cc:461] MutablePO2TS::RefreshTokenIsAvailable
[19156:7236:0929/024158.304:VERBOSE1:components\signin\internal\identity_manager\mutable_profile_oauth2_token_service_d
elegate.cc:461] MutablePO2TS::RefreshTokenIsAvailable
[19156:7236:0929/024158.317:VERBOSE1:chrome\browser\enterprise\data_protection\data_protection_navigation_observer.cc:2
39] enterprise.data_protection: same document navigation: 0
[19156:7236:0929/024158.317:VERBOSE1:chrome\browser\enterprise\data_protection\data_protection_navigation_observer.cc:2
41] enterprise.data_protection: URL to scan: http://127.0.0.1:5173/
[19156:7236:0929/024158.319:VERBOSE1:components\signin\internal\identity_manager\mutable_profile_oauth2_token_service_d
elegate.cc:461] MutablePO2TS::RefreshTokenIsAvailable
[19156:7236:0929/024158.334:VERBOSE1:chrome\browser\ui\views\omnibox\omnibox_popup_closer.cc:73] Closing omnibox popup 
with reason: kRevertAll
[19156:7236:0929/024158.342:VERBOSE1:components\signin\internal\identity_manager\mutable_profile_oauth2_token_service_d
elegate.cc:461] MutablePO2TS::RefreshTokenIsAvailable
[19156:7236:0929/024158.358:VERBOSE1:components\component_updater\component_installer.cc:585] FinishRegistration for 
Optimization Guide On DeviceModels Manifest
[19156:7236:0929/024158.358:VERBOSE1:components\component_updater\component_updater_service.cc:177] CrxUpdateService 
starting up. First update attempt will take place in 60 s seconds. Next update attempt will take place in 18000 s 
seconds. 
[19156:24552:0929/024158.369:VERBOSE1:components\signin\public\webdata\token_service_table.cc:259] Loaded tokens: 
result = 3 ; number of tokens loaded = 0
[19156:7236:0929/024158.373:VERBOSE1:components\signin\internal\identity_manager\mutable_profile_oauth2_token_service_d
elegate.cc:461] MutablePO2TS::RefreshTokenIsAvailable
[19156:7236:0929/024158.375:VERBOSE1:chrome\browser\profiles\profile_manager.cc:1401] AddKeepAlive(Default, 
kExtensionUpdater). keep_alives=[kBrowserWindow (1), kExtensionUpdater (1)]
[19156:7236:0929/024158.377:VERBOSE1:chrome\browser\local_discovery\service_discovery_device_lister.cc:36] 
DeviceListerStart: service_type: _googlecast._tcp.local
[19156:7236:0929/024158.377:VERBOSE1:chrome\browser\local_discovery\service_discovery_device_lister.cc:42] 
DiscoverNewDevices: service_type: _googlecast._tcp.local
[19156:7236:0929/024158.383:VERBOSE1:components\component_updater\component_installer.cc:585] FinishRegistration for 
Privacy Sandbox Attestations
[19156:7236:0929/024158.385:VERBOSE1:components\component_updater\component_installer.cc:623] Component ready, version 
2025.7.18.0 in C:\Program Files\Google\Chrome\Application\154.0.8037.57\PrivacySandboxAttestationsPreloaded
[19156:7236:0929/024158.385:VERBOSE1:chrome\browser\component_updater\privacy_sandbox_attestations_component_installer.
cc:112] Privacy Sandbox Attestations Component ready, version 2025.7.18.0 in C:\Program 
Files\Google\Chrome\Application\154.0.8037.57\PrivacySandboxAttestationsPreloaded
[19156:7236:0929/024158.385:VERBOSE1:chrome\browser\component_updater\privacy_sandbox_attestations_component_installer.
cc:188] Received privacy sandbox attestations file
[19156:7236:0929/024158.385:VERBOSE1:components\component_updater\component_installer.cc:585] FinishRegistration for 
Chrome Improved Recovery
[19156:7236:0929/024158.385:VERBOSE1:components\component_updater\component_installer.cc:585] FinishRegistration for 
Widevine Content Decryption Module
[19156:7236:0929/024158.385:VERBOSE1:components\component_updater\component_installer.cc:623] Component ready, version 
4.10.3112.0 in C:\Program Files\Google\Chrome\Application\154.0.8037.57\WidevineCdm
[19156:7236:0929/024158.387:VERBOSE1:components\component_updater\component_installer.cc:585] FinishRegistration for 
OnDeviceHeadSuggest
[19156:7236:0929/024158.387:VERBOSE1:components\component_updater\component_installer.cc:585] FinishRegistration for 
Optimization Hints
[19156:7236:0929/024158.387:VERBOSE1:components\component_updater\component_installer.cc:585] FinishRegistration for 
Subresource Filter Rules
[19156:7236:0929/024158.387:VERBOSE1:components\component_updater\component_installer.cc:585] FinishRegistration for 
Actor Safety Lists
[19156:7236:0929/024158.387:VERBOSE1:components\component_updater\component_installer.cc:585] FinishRegistration for 
Trust Token Key Commitments
[19156:7236:0929/024158.387:VERBOSE1:components\component_updater\component_installer.cc:585] FinishRegistration for 
File Type Policies
[19156:7236:0929/024158.387:VERBOSE1:components\component_updater\component_installer.cc:585] FinishRegistration for 
CRLSet
[19156:7236:0929/024158.387:VERBOSE1:components\component_updater\component_installer.cc:585] FinishRegistration for 
Certificate Error Assistant
[19156:22232:0929/024158.387:VERBOSE1:extensions\browser\content_verifier\content_verifier.cc:939] OnFetchComplete 
mhjfbmdgcfjbbpaeojofohoefgiehjai success:0
[19156:7236:0929/024158.387:VERBOSE1:components\component_updater\component_installer.cc:585] FinishRegistration for 
Origin Trials
[19156:7236:0929/024158.387:VERBOSE1:components\component_updater\component_installer.cc:585] FinishRegistration for 
PKI Metadata
[19156:7236:0929/024158.387:VERBOSE1:components\component_updater\component_installer.cc:585] FinishRegistration for 
MEI Preload
[19156:7236:0929/024158.387:VERBOSE1:components\component_updater\component_installer.cc:623] Component ready, version 
1.0.7.1652906823 in C:\Program Files\Google\Chrome\Application\154.0.8037.57\MEIPreload
[19156:7236:0929/024158.387:VERBOSE1:components\component_updater\component_installer.cc:585] FinishRegistration for 
Safety Tips
[19156:7236:0929/024158.387:VERBOSE1:components\component_updater\component_installer.cc:585] FinishRegistration for 
Hyphenation
[19156:22232:0929/024158.387:VERBOSE1:extensions\browser\content_verifier\content_verifier.cc:939] OnFetchComplete 
nkeimhogjdpnpccoofpliimaahmaaome success:0
[19156:22232:0929/024158.883:VERBOSE1:extensions\browser\content_verifier\content_verifier.cc:939] OnFetchComplete 
fignfifoniblkonapihmkfakmlgkbkcf success:0
[19156:7236:0929/024158.883:VERBOSE1:components\component_updater\component_installer.cc:585] FinishRegistration for 
Zxcvbn Data Dictionaries
[19156:7236:0929/024158.883:VERBOSE1:components\component_updater\component_installer.cc:585] FinishRegistration for 
WASM TTS Engine
[19156:7236:0929/024158.883:VERBOSE1:components\component_updater\component_installer.cc:585] FinishRegistration for 
Amount Extraction Heuristic Regexes
[19156:7236:0929/024158.883:VERBOSE1:components\component_updater\component_installer.cc:585] FinishRegistration for 
Crowd Deny
[19156:7236:0929/024158.883:VERBOSE1:components\component_updater\component_installer.cc:585] FinishRegistration for 
Captcha Providers
[19156:7236:0929/024158.904:VERBOSE1:components\signin\internal\identity_manager\mutable_profile_oauth2_token_service_d
elegate.cc:660] MutablePO2TS::OnWebDataServiceRequestDone. Result type: 6
[19156:7236:0929/024158.904:VERBOSE1:components\signin\internal\identity_manager\mutable_profile_oauth2_token_service_d
elegate.cc:722] MutablePO2TS::LoadAllCredentialsIntoMemory; 0 credential(s).
[19156:7236:0929/024158.904:VERBOSE1:components\signin\internal\identity_manager\mutable_profile_oauth2_token_service_d
elegate.cc:461] MutablePO2TS::RefreshTokenIsAvailable
[19156:7236:0929/024158.904:VERBOSE1:google_apis\gaia\gaia_auth_util.cc:53] Canonicalized @gmail.com to @gmail.com
[19156:7236:0929/024158.904:VERBOSE1:google_apis\gaia\gaia_auth_util.cc:53] Canonicalized @gmail.com to @gmail.com
[19156:7236:0929/024158.904:VERBOSE1:components\signin\internal\identity_manager\mutable_profile_oauth2_token_service_d
elegate.cc:461] MutablePO2TS::RefreshTokenIsAvailable
[19156:7236:0929/024158.904:VERBOSE1:components\signin\internal\identity_manager\mutable_profile_oauth2_token_service_d
elegate.cc:461] MutablePO2TS::RefreshTokenIsAvailable
[19156:7236:0929/024158.904:VERBOSE1:components\signin\internal\identity_manager\mutable_profile_oauth2_token_service_d
elegate.cc:461] MutablePO2TS::RefreshTokenIsAvailable
[19156:7236:0929/024158.904:VERBOSE1:components\signin\internal\identity_manager\mutable_profile_oauth2_token_service_d
elegate.cc:461] MutablePO2TS::RefreshTokenIsAvailable
[19156:7236:0929/024158.904:VERBOSE1:components\signin\internal\identity_manager\mutable_profile_oauth2_token_service_d
elegate.cc:461] MutablePO2TS::RefreshTokenIsAvailable
[19156:7236:0929/024158.904:VERBOSE1:components\signin\internal\identity_manager\mutable_profile_oauth2_token_service_d
elegate.cc:461] MutablePO2TS::RefreshTokenIsAvailable
[19156:7236:0929/024158.904:VERBOSE1:components\signin\internal\identity_manager\mutable_profile_oauth2_token_service_d
elegate.cc:461] MutablePO2TS::RefreshTokenIsAvailable
[19156:7236:0929/024158.904:VERBOSE1:components\signin\internal\identity_manager\mutable_profile_oauth2_token_service_d
elegate.cc:461] MutablePO2TS::RefreshTokenIsAvailable
[19156:7236:0929/024158.904:VERBOSE1:components\signin\internal\identity_manager\mutable_profile_oauth2_token_service_d
elegate.cc:461] MutablePO2TS::RefreshTokenIsAvailable
[19156:7236:0929/024158.904:VERBOSE1:components\signin\internal\identity_manager\mutable_profile_oauth2_token_service_d
elegate.cc:461] MutablePO2TS::RefreshTokenIsAvailable
[19156:7236:0929/024158.904:VERBOSE1:components\signin\internal\identity_manager\mutable_profile_oauth2_token_service_d
elegate.cc:461] MutablePO2TS::RefreshTokenIsAvailable
[19156:7236:0929/024158.904:VERBOSE1:components\signin\internal\identity_manager\mutable_profile_oauth2_token_service_d
elegate.cc:461] MutablePO2TS::RefreshTokenIsAvailable
[19156:7236:0929/024158.904:VERBOSE1:components\signin\internal\identity_manager\mutable_profile_oauth2_token_service_d
elegate.cc:461] MutablePO2TS::RefreshTokenIsAvailable
[19156:7236:0929/024158.955:VERBOSE1:components\signin\internal\identity_manager\mutable_profile_oauth2_token_service_d
elegate.cc:461] MutablePO2TS::RefreshTokenIsAvailable
[19156:7236:0929/024158.955:VERBOSE1:components\signin\internal\identity_manager\mutable_profile_oauth2_token_service_d
elegate.cc:461] MutablePO2TS::RefreshTokenIsAvailable
[19156:7236:0929/024158.955:VERBOSE1:components\signin\internal\identity_manager\mutable_profile_oauth2_token_service_d
elegate.cc:461] MutablePO2TS::RefreshTokenIsAvailable
[19156:7236:0929/024158.955:VERBOSE1:components\signin\internal\identity_manager\mutable_profile_oauth2_token_service_d
elegate.cc:461] MutablePO2TS::RefreshTokenIsAvailable
[19156:7236:0929/024158.955:VERBOSE1:components\signin\internal\identity_manager\mutable_profile_oauth2_token_service_d
elegate.cc:461] MutablePO2TS::RefreshTokenIsAvailable
[19156:7236:0929/024158.955:VERBOSE1:components\signin\internal\identity_manager\mutable_profile_oauth2_token_service_d
elegate.cc:461] MutablePO2TS::RefreshTokenIsAvailable
[19156:7236:0929/024158.955:VERBOSE1:components\signin\internal\identity_manager\mutable_profile_oauth2_token_service_d
elegate.cc:461] MutablePO2TS::RefreshTokenIsAvailable
[19156:7236:0929/024158.955:VERBOSE1:components\signin\internal\identity_manager\mutable_profile_oauth2_token_service_d
elegate.cc:461] MutablePO2TS::RefreshTokenIsAvailable
[19156:7236:0929/024158.955:VERBOSE1:components\signin\internal\identity_manager\mutable_profile_oauth2_token_service_d
elegate.cc:461] MutablePO2TS::RefreshTokenIsAvailable
[19156:7236:0929/024158.955:VERBOSE1:components\signin\core\browser\account_reconcilor.cc:309] 
AccountReconcilor::OnEndBatchOfRefreshTokenStateChanges. Reconcilor state: 1
[19156:7236:0929/024158.961:VERBOSE1:components\signin\internal\identity_manager\mutable_profile_oauth2_token_service_d
elegate.cc:461] MutablePO2TS::RefreshTokenIsAvailable
[19156:7236:0929/024158.968:VERBOSE1:chrome\browser\component_updater\widevine_cdm_component_installer.cc:93] 
Registering Widevine CDM 4.10.3112.0 with Chrome
[19156:7236:0929/024158.968:VERBOSE1:components\privacy_sandbox\privacy_sandbox_attestations\privacy_sandbox_attestatio
ns.cc:444] Parsed Privacy Sandbox Attestation list version: 2025.7.18.0
[19156:7236:0929/024158.968:VERBOSE1:components\privacy_sandbox\privacy_sandbox_attestations\privacy_sandbox_attestatio
ns.cc:446] Number of attestation entries: 263
[19156:7236:0929/024158.977:VERBOSE1:chrome\browser\web_applications\locks\partitioned_lock_manager.cc:262] Acquiring 
<PartitionedLockId>{id: 0x31, partition: 0} for 
ScheduleAllFixes@chrome\browser\web_applications\generated_icon_fix_manager.cc:79
[19156:7236:0929/024158.978:VERBOSE1:chrome\browser\web_applications\locks\partitioned_lock_manager.cc:243] All locks 
acquired for ScheduleAllFixes@chrome\browser\web_applications\generated_icon_fix_manager.cc:79
[19156:7236:0929/024158.987:VERBOSE1:components\segmentation_platform\internal\signals\signal_filter_processor.cc:61] 
Segmentation platform started observing Session.TotalDuration
[19156:7236:0929/024158.987:VERBOSE1:components\segmentation_platform\internal\signals\signal_filter_processor.cc:61] 
Segmentation platform started observing Commerce.PriceDrops.ActiveTabNavigationComplete.IsProductDetailPage
[19156:7236:0929/024158.987:VERBOSE1:components\segmentation_platform\internal\signals\signal_filter_processor.cc:54] 
Segmentation platform started observing Autofill_PolledCreditCardSuggestions
[19156:7236:0929/024158.987:VERBOSE1:components\segmentation_platform\internal\signals\signal_filter_processor.cc:61] 
Segmentation platform started observing IOS.ParcelTracking.Tracked.AutoTrack
[19156:7236:0929/024158.987:VERBOSE1:components\segmentation_platform\internal\signals\signal_filter_processor.cc:61] 
Segmentation platform started observing Omnibox.SuggestionUsed.ClientSummarizedResultType
[19156:7236:0929/024158.987:VERBOSE1:components\segmentation_platform\internal\signals\signal_filter_processor.cc:54] 
Segmentation platform started observing MetadataWriter
[19156:7236:0929/024158.987:VERBOSE1:components\segmentation_platform\internal\signals\signal_filter_processor.cc:61] 
Segmentation platform started observing Sync.DeviceCount2
[19156:7236:0929/024158.987:VERBOSE1:components\segmentation_platform\internal\signals\signal_filter_processor.cc:61] 
Segmentation platform started observing Sync.DeviceCount2.Phone
[19156:7236:0929/024158.987:VERBOSE1:components\segmentation_platform\internal\signals\signal_filter_processor.cc:61] 
Segmentation platform started observing Sync.DeviceCount2.Desktop
[19156:7236:0929/024158.987:VERBOSE1:components\segmentation_platform\internal\signals\signal_filter_processor.cc:61] 
Segmentation platform started observing Sync.DeviceCount2.Tablet
[19156:7236:0929/024158.987:VERBOSE1:components\segmentation_platform\internal\signals\signal_filter_processor.cc:54] 
Segmentation platform started observing MobileBookmarkManagerOpen
[19156:7236:0929/024158.987:VERBOSE1:components\segmentation_platform\internal\signals\signal_filter_processor.cc:54] 
Segmentation platform started observing NewTabPage.MostVisited.Clicked
[19156:7236:0929/024158.987:VERBOSE1:components\segmentation_platform\internal\signals\signal_filter_processor.cc:54] 
Segmentation platform started observing TabGroup.Created.OpenInNewTab
[19156:7236:0929/024158.987:VERBOSE1:components\segmentation_platform\internal\signals\signal_filter_processor.cc:54] 
Segmentation platform started observing Android.HistoryPage.OpenItem
[19156:7236:0929/024158.987:VERBOSE1:components\segmentation_platform\internal\signals\signal_filter_processor.cc:54] 
Segmentation platform started observing MobileMenuRecentTabs
[19156:7236:0929/024158.987:VERBOSE1:components\segmentation_platform\internal\signals\signal_filter_processor.cc:61] 
Segmentation platform started observing PasswordManager.ManagePasswordsReferrer
[19156:7236:0929/024158.987:VERBOSE1:components\segmentation_platform\internal\signals\signal_filter_processor.cc:61] 
Segmentation platform started observing PasswordManager.ProfileStore.TotalAccountsHiRes3.WithScheme.Https
[19156:7236:0929/024158.987:VERBOSE1:components\segmentation_platform\internal\signals\signal_filter_processor.cc:61] 
Segmentation platform started observing PasswordManager.FillingAssistance
[19156:7236:0929/024158.987:VERBOSE1:components\segmentation_platform\internal\signals\signal_filter_processor.cc:61] 
Segmentation platform started observing PasswordManager.SavedPasswordIsGenerated
[19156:7236:0929/024158.987:VERBOSE1:components\segmentation_platform\internal\signals\signal_filter_processor.cc:61] 
Segmentation platform started observing PasswordManager.SaveUIDismissalReason
[19156:7236:0929/024158.987:VERBOSE1:components\segmentation_platform\internal\signals\signal_filter_processor.cc:61] 
Segmentation platform started observing PasswordManager.SaveUIDismissalReason
[19156:7236:0929/024158.987:VERBOSE1:components\segmentation_platform\internal\signals\signal_filter_processor.cc:61] 
Segmentation platform started observing IOS.CredentialExtension.IsEnabled.Startup
[19156:7236:0929/024158.987:VERBOSE1:components\segmentation_platform\internal\signals\signal_filter_processor.cc:61] 
Segmentation platform started observing Session.TotalDuration
[19156:7236:0929/024158.996:VERBOSE1:chrome\browser\web_applications\locks\partitioned_lock_manager.cc:286] Releasing 
<PartitionedLockId>{id: 0x31, partition: 0} requested by 
ScheduleAllFixes@chrome\browser\web_applications\generated_icon_fix_manager.cc:79
[19156:7236:0929/024158.996:VERBOSE1:chrome\browser\web_applications\locks\partitioned_lock_manager.cc:318] Acquiring 
<PartitionedLockId>{id: 0x31, partition: 0} for 
OnSyncBridgeReady@chrome\browser\web_applications\web_app_provider.cc:566
[19156:7236:0929/024158.996:VERBOSE1:chrome\browser\web_applications\locks\partitioned_lock_manager.cc:243] All locks 
acquired for OnSyncBridgeReady@chrome\browser\web_applications\web_app_provider.cc:566
[19156:7236:0929/024159.020:VERBOSE1:chrome\browser\web_applications\locks\partitioned_lock_manager.cc:286] Releasing 
<PartitionedLockId>{id: 0x31, partition: 0} requested by 
OnSyncBridgeReady@chrome\browser\web_applications\web_app_provider.cc:566
[19156:10984:0929/024159.058:VERBOSE1:net\disk_cache\simple\simple_index_file.cc:625] Simple Cache Index is being 
restored from disk.
[19156:7236:0929/024159.129:VERBOSE1:components\signin\internal\identity_manager\mutable_profile_oauth2_token_service_d
elegate.cc:461] MutablePO2TS::RefreshTokenIsAvailable
[19156:7236:0929/024159.129:VERBOSE1:components\signin\internal\identity_manager\mutable_profile_oauth2_token_service_d
elegate.cc:461] MutablePO2TS::RefreshTokenIsAvailable
[19156:7236:0929/024159.196:VERBOSE1:components\segmentation_platform\internal\selection\segment_result_provider.cc:136
] GetSegmentResult: segment=OPTIMIZATION_TARGET_SEGMENTATION_DEVICE_SWITCHER ignoring DB score, executing model.
[19156:7236:0929/024159.196:VERBOSE1:components\segmentation_platform\internal\selection\segment_result_provider.cc:277
] ExecuteModelAndGetScore: segment=OPTIMIZATION_TARGET_SEGMENTATION_DEVICE_SWITCHER server segment info not available
[19156:7236:0929/024159.196:VERBOSE1:components\segmentation_platform\internal\selection\segment_result_provider.cc:210
] OnGotModelScore: segment=OPTIMIZATION_TARGET_SEGMENTATION_DEVICE_SWITCHER failed to get database model score, trying 
default model.
[19156:7236:0929/024159.288:VERBOSE1:components\signin\core\browser\account_reconcilor.cc:550] 
AccountReconcilor::OnAccountsInCookieUpdated: CookieJar 0 accounts, Reconcilor's state is 1, Error was 
[19156:7236:0929/024159.288:VERBOSE1:components\signin\core\browser\account_reconcilor.cc:644] 
AccountReconcilor::LoadValidAccountsFromTokenService: Chrome 0 accounts
[19156:7236:0929/024159.288:VERBOSE1:components\signin\core\browser\account_reconcilor.cc:786] 
AccountReconcilor::CalculateIfMultiloginReconcileIsDone: Error was 
[19156:7236:0929/024159.288:VERBOSE1:components\signin\core\browser\account_reconcilor.cc:680] 
AccountReconcilor::StartReconcileIfChromeAccountsChanged
[19156:7236:0929/024159.290:VERBOSE1:components\signin\core\browser\account_reconcilor.cc:550] 
AccountReconcilor::OnAccountsInCookieUpdated: CookieJar 0 accounts, Reconcilor's state is 1, Error was 
[19156:7236:0929/024159.290:VERBOSE1:components\signin\core\browser\account_reconcilor.cc:644] 
AccountReconcilor::LoadValidAccountsFromTokenService: Chrome 0 accounts
[19156:7236:0929/024159.290:VERBOSE1:components\signin\core\browser\account_reconcilor.cc:786] 
AccountReconcilor::CalculateIfMultiloginReconcileIsDone: Error was 
[19156:7236:0929/024159.290:VERBOSE1:components\signin\core\browser\account_reconcilor.cc:680] 
AccountReconcilor::StartReconcileIfChromeAccountsChanged
[19156:7236:0929/024159.357:INFO:CONSOLE:789] "[vite] connecting...", source: http://127.0.0.1:5173/@vite/client (789)
[19156:7236:0929/024159.368:INFO:CONSOLE:912] "[vite] connected.", source: http://127.0.0.1:5173/@vite/client (912)
[19156:7236:0929/024159.411:VERBOSE1:components\update_client\request_sender.cc:338] Request completed from url: https:
//update.googleapis.com/service/update2/json?cup2key=16:U7TtJ0TYOE-1AepFZ_1Um6C_rkj3W6bNowEv1dJkwGc&cup2hreq=ad1a154406
c86b2cd82d5d4aee003235ac9c5c54c1a9e123c5156edf5c0273b0
[19156:7236:0929/024159.448:INFO:CONSOLE:21609] "%cDownload the React DevTools for a better development experience: 
https://reactjs.org/link/react-devtools font-weight:bold", source: 
http://127.0.0.1:5173/node_modules/.vite/deps/chunk-WFILHHV3.js?v=3ba53991 (21609)
[19156:7236:0929/024159.525:VERBOSE1:components\update_client\url_fetcher_downloader.cc:167] url fetcher response 
started for: http://edgedl.me.gvt1.com/edgedl/diffgen-puffin/ceofaddefefcbblgcgnibnonglccbfja/f1eb9ab285f01b87443903ab6
68980903f1c52693363e88e09719936ea80b098
[19156:7236:0929/024159.608:VERBOSE1:components\signin\internal\identity_manager\mutable_profile_oauth2_token_service_d
elegate.cc:461] MutablePO2TS::RefreshTokenIsAvailable
[19156:7236:0929/024159.714:VERBOSE1:components\signin\internal\identity_manager\mutable_profile_oauth2_token_service_d
elegate.cc:461] MutablePO2TS::RefreshTokenIsAvailable
[19156:7236:0929/024201.170:VERBOSE1:chrome\browser\profiles\profile_manager.cc:1401] AddKeepAlive(Default, 
kExtensionUpdater). keep_alives=[kBrowserWindow (1), kExtensionUpdater (2)]
[19156:7236:0929/024201.571:VERBOSE1:chrome\browser\profiles\profile_manager.cc:1401] AddKeepAlive(Default, 
kExtensionUpdater). keep_alives=[kBrowserWindow (1), kExtensionUpdater (3)]
[19156:7236:0929/024201.638:VERBOSE1:chrome\browser\profiles\profile_manager.cc:1401] AddKeepAlive(Default, 
kExtensionUpdater). keep_alives=[kBrowserWindow (1), kExtensionUpdater (4)]
[19156:22232:0929/024202.056:VERBOSE1:base\allocator\scheduler_loop_quarantine_config.cc:199] No entry found for 
browser/io.
[19156:22760:0929/024202.056:VERBOSE1:chrome\installer\util\install_util.cc:218] Existing Chrome version found: 
154.0.8037.57
[19156:7236:0929/024202.056:VERBOSE1:components\enterprise\browser\reporting\saas_usage\saas_usage_report_scheduler.cc:
108] Scheduling next browser SaaS usage report at 1601-01-01 04:00:00.000000 UTC
[19156:7236:0929/024202.056:VERBOSE1:components\enterprise\browser\reporting\saas_usage\saas_usage_report_scheduler.cc:
74] No domain metrics aggregated - skipping browser report upload.
[19156:7236:0929/024202.056:VERBOSE1:components\enterprise\browser\reporting\saas_usage\saas_usage_report_scheduler.cc:
108] Scheduling next browser SaaS usage report at 2026-09-29 01:12:02.057063 UTC
[19156:22760:0929/024202.056:VERBOSE1:chrome\installer\util\install_util.cc:242] No existing Chrome install found.
[19156:7236:0929/024202.058:VERBOSE1:chrome\browser\web_applications\locks\partitioned_lock_manager.cc:262] Acquiring 
<PartitionedLockId>{id: 0x31, partition: 0} for 
SynchronizeInstalledApps@chrome\browser\web_applications\externally_managed_app_manager.cc:186
[19156:7236:0929/024202.058:VERBOSE1:chrome\browser\web_applications\locks\partitioned_lock_manager.cc:243] All locks 
acquired for SynchronizeInstalledApps@chrome\browser\web_applications\externally_managed_app_manager.cc:186
[19156:7236:0929/024202.058:VERBOSE1:chrome\browser\web_applications\locks\partitioned_lock_manager.cc:286] Releasing 
<PartitionedLockId>{id: 0x31, partition: 0} requested by 
SynchronizeInstalledApps@chrome\browser\web_applications\externally_managed_app_manager.cc:186
[19156:7236:0929/024202.064:VERBOSE1:components\device_event_log\device_event_log_impl.cc:214] [02:42:02.064] USB: 
DEBUG: usb_device_handle_win.cc:1096 Failed to read descriptor from node connection: A device attached to the system 
is not functioning. (0x1F)
[19156:7236:0929/024202.065:VERBOSE1:components\device_event_log\device_event_log_impl.cc:214] [02:42:02.066] USB: 
USER: usb_service_win.cc:663 USB device added: 
path=\\?\usb#vid_13d3&pid_3579#000000000#{a5dcbf10-6530-11d2-901f-00c04fb951ed} vendor=5075 "", product=13689 "", 
serial="000000000", driver="usbccgp", guid=bab1d251-4741-49c4-b5b2-8d7175b17f2c
[19156:22760:0929/024202.257:VERBOSE1:components\component_updater\component_installer.cc:514] StartRegistration for 
Related Website Sets
[19156:7236:0929/024202.257:VERBOSE1:components\component_updater\component_installer.cc:585] FinishRegistration for 
Related Website Sets
[19156:7236:0929/024202.257:VERBOSE1:chrome\browser\component_updater\first_party_sets_component_installer.cc:45] 
Received Related Website Sets
[19156:22232:0929/024202.324:VERBOSE1:net\dns\mdns_client_impl.cc:204] Sockets ready:2
[19156:7236:0929/024202.338:VERBOSE1:chrome\browser\web_applications\locks\partitioned_lock_manager.cc:262] Acquiring 
<PartitionedLockId>{id: 0x31, partition: 0} for 
SynchronizeInstalledApps@chrome\browser\web_applications\externally_managed_app_manager.cc:186
[19156:7236:0929/024202.338:VERBOSE1:chrome\browser\web_applications\locks\partitioned_lock_manager.cc:243] All locks 
acquired for SynchronizeInstalledApps@chrome\browser\web_applications\externally_managed_app_manager.cc:186
[19156:7236:0929/024202.338:VERBOSE1:chrome\browser\web_applications\locks\partitioned_lock_manager.cc:286] Releasing 
<PartitionedLockId>{id: 0x31, partition: 0} requested by 
SynchronizeInstalledApps@chrome\browser\web_applications\externally_managed_app_manager.cc:186
[19156:7236:0929/024202.338:VERBOSE1:chrome\browser\web_applications\locks\partitioned_lock_manager.cc:262] Acquiring 
<PartitionedLockId>{id: 0x31, partition: 0} for 
MaybeStartNext@chrome\browser\web_applications\externally_managed_app_manager.cc:271
[19156:7236:0929/024202.338:VERBOSE1:chrome\browser\web_applications\locks\partitioned_lock_manager.cc:243] All locks 
acquired for MaybeStartNext@chrome\browser\web_applications\externally_managed_app_manager.cc:271
[19156:7236:0929/024202.340:VERBOSE1:chrome\browser\web_applications\locks\partitioned_lock_manager.cc:262] Acquiring 
<PartitionedLockId>{id: 0x30, partition: 0} for 
StartInstallationTask@chrome\browser\web_applications\externally_managed_app_manager.cc:411
[19156:7236:0929/024202.340:VERBOSE1:chrome\browser\web_applications\locks\partitioned_lock_manager.cc:243] All locks 
acquired for StartInstallationTask@chrome\browser\web_applications\externally_managed_app_manager.cc:411
[19156:7236:0929/024202.340:VERBOSE1:chrome\browser\web_applications\locks\partitioned_lock_manager.cc:286] Releasing 
<PartitionedLockId>{id: 0x31, partition: 0} requested by 
MaybeStartNext@chrome\browser\web_applications\externally_managed_app_manager.cc:271
[19156:7236:0929/024202.384:VERBOSE1:components\update_client\url_fetcher_downloader.cc:141] Downloaded 13980 bytes in 
2963ms from http://edgedl.me.gvt1.com/edgedl/diffgen-puffin/ceofaddefefcbblgcgnibnonglccbfja/f1eb9ab285f01b87443903ab66
8980903f1c52693363e88e09719936ea80b098 to C:\Users\RAJHAN~1\AppData\Local\Temp\chrome_chrome_url_fetcher_19156_12071506
15\f1eb9ab285f01b87443903ab668980903f1c52693363e88e09719936ea80b098
[19156:11448:0929/024202.487:VERBOSE1:components\update_client\unpacker.cc:88] Verifying component: C:\Users\RAJHANS MA
HATO\AppData\Local\Temp\f081dbdf-4cff-43c2-9cfc-a9f6c2f4fffe\component_crx_cache\de5ca11a26ff3a9536ead8dfc6d9023ad2fc48
b930cc46e063e7d7f68f1380e1
[19156:11448:0929/024202.489:VERBOSE1:components\update_client\unpacker.cc:123] Unpacking in: 
C:\Users\RAJHAN~1\AppData\Local\Temp\chrome_chrome_Unpacker_BeginUnzipping19156_283820263
[19156:24552:0929/024202.663:VERBOSE1:components\component_updater\component_installer.cc:179] Install: 
version=1.20260913.2 current version=0.0.0.0
[19156:24552:0929/024202.667:VERBOSE1:components\component_updater\component_installer.cc:198] 
unpack_path=C:\Users\RAJHAN~1\AppData\Local\Temp\chrome_chrome_Unpacker_BeginUnzipping19156_283820263 
install_path=C:\Users\RAJHANS 
MAHATO\AppData\Local\Temp\f081dbdf-4cff-43c2-9cfc-a9f6c2f4fffe\OptimizationGuideModelsManifest\1.20260913.2
[19156:7236:0929/024202.674:VERBOSE1:chrome\browser\web_applications\locks\partitioned_lock_manager.cc:262] Acquiring 
<PartitionedLockId>{id: 0x31, partition: 0} for 
InstallFromInfo@chrome\browser\web_applications\commands\external_app_resolution_command.cc:799
[19156:7236:0929/024202.674:VERBOSE1:chrome\browser\web_applications\locks\partitioned_lock_manager.cc:262] Acquiring 
<PartitionedLockId>{id: 0x666d676a6a6d6d6d6c666e6b6270706e636162666b6464626a696d63666e636d, partition: 1} for 
InstallFromInfo@chrome\browser\web_applications\commands\external_app_resolution_command.cc:799
[19156:7236:0929/024202.674:VERBOSE1:chrome\browser\web_applications\locks\partitioned_lock_manager.cc:243] All locks 
acquired for InstallFromInfo@chrome\browser\web_applications\commands\external_app_resolution_command.cc:799
[19156:7236:0929/024202.678:VERBOSE1:components\component_updater\component_installer.cc:623] Component ready, version 
1.20260913.2 in C:\Users\RAJHANS 
MAHATO\AppData\Local\Temp\f081dbdf-4cff-43c2-9cfc-a9f6c2f4fffe\OptimizationGuideModelsManifest\1.20260913.2
[19156:7236:0929/024202.783:VERBOSE1:chrome\browser\profiles\profile_manager.cc:1401] AddKeepAlive(Default, 
kWebAppUpdate). keep_alives=[kBrowserWindow (1), kExtensionUpdater (4), kWebAppUpdate (1)]
[19156:7236:0929/024202.785:VERBOSE1:chrome\browser\web_applications\locks\partitioned_lock_manager.cc:286] Releasing 
<PartitionedLockId>{id: 0x666d676a6a6d6d6d6c666e6b6270706e636162666b6464626a696d63666e636d, partition: 1} requested by 
InstallFromInfo@chrome\browser\web_applications\commands\external_app_resolution_command.cc:799
[19156:7236:0929/024202.785:VERBOSE1:chrome\browser\web_applications\locks\partitioned_lock_manager.cc:286] Releasing 
<PartitionedLockId>{id: 0x31, partition: 0} requested by 
InstallFromInfo@chrome\browser\web_applications\commands\external_app_resolution_command.cc:799
[19156:7236:0929/024202.785:VERBOSE1:chrome\browser\web_applications\locks\partitioned_lock_manager.cc:318] Acquiring 
<PartitionedLockId>{id: 0x31, partition: 0} for 
AdjustAppStateBeforeCommit@chrome\browser\web_applications\jobs\finalize_install_or_update_job.cc:743
[19156:7236:0929/024202.785:VERBOSE1:chrome\browser\web_applications\locks\partitioned_lock_manager.cc:243] All locks 
acquired for AdjustAppStateBeforeCommit@chrome\browser\web_applications\jobs\finalize_install_or_update_job.cc:743
[19156:7236:0929/024202.785:VERBOSE1:chrome\browser\web_applications\locks\partitioned_lock_manager.cc:286] Releasing 
<PartitionedLockId>{id: 0x30, partition: 0} requested by 
StartInstallationTask@chrome\browser\web_applications\externally_managed_app_manager.cc:411
[19156:7236:0929/024202.789:VERBOSE1:chrome\browser\profiles\profile_manager.cc:1462] RemoveKeepAlive(Default, 
kWebAppUpdate). keep_alives=[kBrowserWindow (1), kExtensionUpdater (4)]
[19156:7236:0929/024202.789:VERBOSE1:chrome\browser\web_applications\locks\partitioned_lock_manager.cc:286] Releasing 
<PartitionedLockId>{id: 0x31, partition: 0} requested by 
AdjustAppStateBeforeCommit@chrome\browser\web_applications\jobs\finalize_install_or_update_job.cc:743
[19156:7236:0929/024202.793:VERBOSE1:chrome\browser\web_applications\locks\partitioned_lock_manager.cc:262] Acquiring 
<PartitionedLockId>{id: 0x31, partition: 0} for 
MaybeStartNext@chrome\browser\web_applications\externally_managed_app_manager.cc:271
[19156:7236:0929/024202.793:VERBOSE1:chrome\browser\web_applications\locks\partitioned_lock_manager.cc:243] All locks 
acquired for MaybeStartNext@chrome\browser\web_applications\externally_managed_app_manager.cc:271
[19156:7236:0929/024202.793:VERBOSE1:chrome\browser\web_applications\locks\partitioned_lock_manager.cc:262] Acquiring 
<PartitionedLockId>{id: 0x30, partition: 0} for 
StartInstallationTask@chrome\browser\web_applications\externally_managed_app_manager.cc:411
[19156:7236:0929/024202.793:VERBOSE1:chrome\browser\web_applications\locks\partitioned_lock_manager.cc:243] All locks 
acquired for StartInstallationTask@chrome\browser\web_applications\externally_managed_app_manager.cc:411
[19156:7236:0929/024202.793:VERBOSE1:chrome\browser\web_applications\locks\partitioned_lock_manager.cc:286] Releasing 
<PartitionedLockId>{id: 0x31, partition: 0} requested by 
MaybeStartNext@chrome\browser\web_applications\externally_managed_app_manager.cc:271
[19156:7236:0929/024202.938:VERBOSE1:chrome\browser\web_applications\locks\partitioned_lock_manager.cc:262] Acquiring 
<PartitionedLockId>{id: 0x31, partition: 0} for 
InstallFromInfo@chrome\browser\web_applications\commands\external_app_resolution_command.cc:799
[19156:7236:0929/024202.938:VERBOSE1:chrome\browser\web_applications\locks\partitioned_lock_manager.cc:262] Acquiring 
<PartitionedLockId>{id: 0x6d706e706f6a6b6e706d6d6f706f6d626e6a646367616169656b616a626e6a62, partition: 1} for 
InstallFromInfo@chrome\browser\web_applications\commands\external_app_resolution_command.cc:799
[19156:7236:0929/024202.938:VERBOSE1:chrome\browser\web_applications\locks\partitioned_lock_manager.cc:243] All locks 
acquired for InstallFromInfo@chrome\browser\web_applications\commands\external_app_resolution_command.cc:799
[19156:7236:0929/024203.005:VERBOSE1:components\update_client\request_sender.cc:338] Request completed from url: 
https://update.googleapis.com/service/update2/json
[19156:7236:0929/024203.005:VERBOSE1:components\component_updater\component_updater_service.cc:507] Update completed 
with error 0
[19156:7236:0929/024203.067:VERBOSE1:chrome\browser\profiles\profile_manager.cc:1401] AddKeepAlive(Default, 
kWebAppUpdate). keep_alives=[kBrowserWindow (1), kExtensionUpdater (4), kWebAppUpdate (1)]
[19156:7236:0929/024203.067:VERBOSE1:chrome\browser\web_applications\locks\partitioned_lock_manager.cc:286] Releasing 
<PartitionedLockId>{id: 0x6d706e706f6a6b6e706d6d6f706f6d626e6a646367616169656b616a626e6a62, partition: 1} requested by 
InstallFromInfo@chrome\browser\web_applications\commands\external_app_resolution_command.cc:799
[19156:7236:0929/024203.067:VERBOSE1:chrome\browser\web_applications\locks\partitioned_lock_manager.cc:286] Releasing 
<PartitionedLockId>{id: 0x31, partition: 0} requested by 
InstallFromInfo@chrome\browser\web_applications\commands\external_app_resolution_command.cc:799
[19156:7236:0929/024203.067:VERBOSE1:chrome\browser\web_applications\locks\partitioned_lock_manager.cc:318] Acquiring 
<PartitionedLockId>{id: 0x31, partition: 0} for 
AdjustAppStateBeforeCommit@chrome\browser\web_applications\jobs\finalize_install_or_update_job.cc:743
[19156:7236:0929/024203.067:VERBOSE1:chrome\browser\web_applications\locks\partitioned_lock_manager.cc:243] All locks 
acquired for AdjustAppStateBeforeCommit@chrome\browser\web_applications\jobs\finalize_install_or_update_job.cc:743
[19156:7236:0929/024203.067:VERBOSE1:chrome\browser\web_applications\locks\partitioned_lock_manager.cc:286] Releasing 
<PartitionedLockId>{id: 0x30, partition: 0} requested by 
StartInstallationTask@chrome\browser\web_applications\externally_managed_app_manager.cc:411
[19156:7236:0929/024203.067:VERBOSE1:chrome\browser\profiles\profile_manager.cc:1462] RemoveKeepAlive(Default, 
kWebAppUpdate). keep_alives=[kBrowserWindow (1), kExtensionUpdater (4)]
[19156:7236:0929/024203.067:VERBOSE1:chrome\browser\web_applications\locks\partitioned_lock_manager.cc:286] Releasing 
<PartitionedLockId>{id: 0x31, partition: 0} requested by 
AdjustAppStateBeforeCommit@chrome\browser\web_applications\jobs\finalize_install_or_update_job.cc:743
[19156:7236:0929/024203.071:VERBOSE1:chrome\browser\web_applications\locks\partitioned_lock_manager.cc:262] Acquiring 
<PartitionedLockId>{id: 0x31, partition: 0} for 
MaybeStartNext@chrome\browser\web_applications\externally_managed_app_manager.cc:271
[19156:7236:0929/024203.071:VERBOSE1:chrome\browser\web_applications\locks\partitioned_lock_manager.cc:243] All locks 
acquired for MaybeStartNext@chrome\browser\web_applications\externally_managed_app_manager.cc:271
[19156:7236:0929/024203.072:VERBOSE1:chrome\browser\web_applications\locks\partitioned_lock_manager.cc:262] Acquiring 
<PartitionedLockId>{id: 0x30, partition: 0} for 
StartInstallationTask@chrome\browser\web_applications\externally_managed_app_manager.cc:411
[19156:7236:0929/024203.072:VERBOSE1:chrome\browser\web_applications\locks\partitioned_lock_manager.cc:243] All locks 
acquired for StartInstallationTask@chrome\browser\web_applications\externally_managed_app_manager.cc:411
[19156:7236:0929/024203.072:VERBOSE1:chrome\browser\web_applications\locks\partitioned_lock_manager.cc:286] Releasing 
<PartitionedLockId>{id: 0x31, partition: 0} requested by 
MaybeStartNext@chrome\browser\web_applications\externally_managed_app_manager.cc:271
[19156:7236:0929/024203.142:VERBOSE1:chrome\browser\web_applications\locks\partitioned_lock_manager.cc:262] Acquiring 
<PartitionedLockId>{id: 0x31, partition: 0} for 
InstallFromInfo@chrome\browser\web_applications\commands\external_app_resolution_command.cc:799
[19156:7236:0929/024203.142:VERBOSE1:chrome\browser\web_applications\locks\partitioned_lock_manager.cc:262] Acquiring 
<PartitionedLockId>{id: 0x61676862696168627061696a69676e6365696465706f6f6b6c6a65626866616b, partition: 1} for 
InstallFromInfo@chrome\browser\web_applications\commands\external_app_resolution_command.cc:799
[19156:7236:0929/024203.142:VERBOSE1:chrome\browser\web_applications\locks\partitioned_lock_manager.cc:243] All locks 
acquired for InstallFromInfo@chrome\browser\web_applications\commands\external_app_resolution_command.cc:799
[19156:7236:0929/024203.276:VERBOSE1:chrome\browser\profiles\profile_manager.cc:1401] AddKeepAlive(Default, 
kWebAppUpdate). keep_alives=[kBrowserWindow (1), kExtensionUpdater (4), kWebAppUpdate (1)]
[19156:7236:0929/024203.276:VERBOSE1:chrome\browser\web_applications\locks\partitioned_lock_manager.cc:286] Releasing 
<PartitionedLockId>{id: 0x61676862696168627061696a69676e6365696465706f6f6b6c6a65626866616b, partition: 1} requested by 
InstallFromInfo@chrome\browser\web_applications\commands\external_app_resolution_command.cc:799
[19156:7236:0929/024203.276:VERBOSE1:chrome\browser\web_applications\locks\partitioned_lock_manager.cc:286] Releasing 
<PartitionedLockId>{id: 0x31, partition: 0} requested by 
InstallFromInfo@chrome\browser\web_applications\commands\external_app_resolution_command.cc:799
[19156:7236:0929/024203.276:VERBOSE1:chrome\browser\web_applications\locks\partitioned_lock_manager.cc:318] Acquiring 
<PartitionedLockId>{id: 0x31, partition: 0} for 
AdjustAppStateBeforeCommit@chrome\browser\web_applications\jobs\finalize_install_or_update_job.cc:743
[19156:7236:0929/024203.276:VERBOSE1:chrome\browser\web_applications\locks\partitioned_lock_manager.cc:243] All locks 
acquired for AdjustAppStateBeforeCommit@chrome\browser\web_applications\jobs\finalize_install_or_update_job.cc:743
[19156:7236:0929/024203.276:VERBOSE1:chrome\browser\web_applications\locks\partitioned_lock_manager.cc:286] Releasing 
<PartitionedLockId>{id: 0x30, partition: 0} requested by 
StartInstallationTask@chrome\browser\web_applications\externally_managed_app_manager.cc:411
[19156:7236:0929/024203.276:VERBOSE1:chrome\browser\profiles\profile_manager.cc:1462] RemoveKeepAlive(Default, 
kWebAppUpdate). keep_alives=[kBrowserWindow (1), kExtensionUpdater (4)]
[19156:7236:0929/024203.276:VERBOSE1:chrome\browser\web_applications\locks\partitioned_lock_manager.cc:286] Releasing 
<PartitionedLockId>{id: 0x31, partition: 0} requested by 
AdjustAppStateBeforeCommit@chrome\browser\web_applications\jobs\finalize_install_or_update_job.cc:743
[19156:7236:0929/024203.279:VERBOSE1:chrome\browser\web_applications\locks\partitioned_lock_manager.cc:262] Acquiring 
<PartitionedLockId>{id: 0x31, partition: 0} for 
MaybeStartNext@chrome\browser\web_applications\externally_managed_app_manager.cc:271
[19156:7236:0929/024203.279:VERBOSE1:chrome\browser\web_applications\locks\partitioned_lock_manager.cc:243] All locks 
acquired for MaybeStartNext@chrome\browser\web_applications\externally_managed_app_manager.cc:271
[19156:7236:0929/024203.281:VERBOSE1:chrome\browser\web_applications\locks\partitioned_lock_manager.cc:262] Acquiring 
<PartitionedLockId>{id: 0x30, partition: 0} for 
StartInstallationTask@chrome\browser\web_applications\externally_managed_app_manager.cc:411
[19156:7236:0929/024203.281:VERBOSE1:chrome\browser\web_applications\locks\partitioned_lock_manager.cc:243] All locks 
acquired for StartInstallationTask@chrome\browser\web_applications\externally_managed_app_manager.cc:411
[19156:7236:0929/024203.281:VERBOSE1:chrome\browser\web_applications\locks\partitioned_lock_manager.cc:286] Releasing 
<PartitionedLockId>{id: 0x31, partition: 0} requested by 
MaybeStartNext@chrome\browser\web_applications\externally_managed_app_manager.cc:271
[19156:22232:0929/024203.358:ERROR:google_apis\gcm\engine\registration_request.cc:291] Registration response error 
message: DEPRECATED_ENDPOINT
[19156:22232:0929/024203.358:VERBOSE1:google_apis\gcm\engine\registration_request.cc:256] Delaying GCM registration of 
app: com.google.android.gms, for 24416 milliseconds.
[19156:7236:0929/024203.460:VERBOSE1:chrome\browser\web_applications\locks\partitioned_lock_manager.cc:262] Acquiring 
<PartitionedLockId>{id: 0x31, partition: 0} for 
InstallFromInfo@chrome\browser\web_applications\commands\external_app_resolution_command.cc:799
[19156:7236:0929/024203.460:VERBOSE1:chrome\browser\web_applications\locks\partitioned_lock_manager.cc:262] Acquiring 
<PartitionedLockId>{id: 0x6668696870696f6a6b626d6270646a656f616a61706d676b686c6e616b666a66, partition: 1} for 
InstallFromInfo@chrome\browser\web_applications\commands\external_app_resolution_command.cc:799
[19156:7236:0929/024203.460:VERBOSE1:chrome\browser\web_applications\locks\partitioned_lock_manager.cc:243] All locks 
acquired for InstallFromInfo@chrome\browser\web_applications\commands\external_app_resolution_command.cc:799
[19156:7236:0929/024203.593:VERBOSE1:chrome\browser\profiles\profile_manager.cc:1401] AddKeepAlive(Default, 
kWebAppUpdate). keep_alives=[kBrowserWindow (1), kExtensionUpdater (4), kWebAppUpdate (1)]
[19156:7236:0929/024203.593:VERBOSE1:chrome\browser\web_applications\locks\partitioned_lock_manager.cc:286] Releasing 
<PartitionedLockId>{id: 0x6668696870696f6a6b626d6270646a656f616a61706d676b686c6e616b666a66, partition: 1} requested by 
InstallFromInfo@chrome\browser\web_applications\commands\external_app_resolution_command.cc:799
[19156:7236:0929/024203.593:VERBOSE1:chrome\browser\web_applications\locks\partitioned_lock_manager.cc:286] Releasing 
<PartitionedLockId>{id: 0x31, partition: 0} requested by 
InstallFromInfo@chrome\browser\web_applications\commands\external_app_resolution_command.cc:799
[19156:7236:0929/024203.593:VERBOSE1:chrome\browser\web_applications\locks\partitioned_lock_manager.cc:318] Acquiring 
<PartitionedLockId>{id: 0x31, partition: 0} for 
AdjustAppStateBeforeCommit@chrome\browser\web_applications\jobs\finalize_install_or_update_job.cc:743
[19156:7236:0929/024203.593:VERBOSE1:chrome\browser\web_applications\locks\partitioned_lock_manager.cc:243] All locks 
acquired for AdjustAppStateBeforeCommit@chrome\browser\web_applications\jobs\finalize_install_or_update_job.cc:743
[19156:7236:0929/024203.593:VERBOSE1:chrome\browser\web_applications\locks\partitioned_lock_manager.cc:286] Releasing 
<PartitionedLockId>{id: 0x30, partition: 0} requested by 
StartInstallationTask@chrome\browser\web_applications\externally_managed_app_manager.cc:411
[19156:7236:0929/024203.593:VERBOSE1:chrome\browser\profiles\profile_manager.cc:1462] RemoveKeepAlive(Default, 
kWebAppUpdate). keep_alives=[kBrowserWindow (1), kExtensionUpdater (4)]
[19156:7236:0929/024203.593:VERBOSE1:chrome\browser\web_applications\locks\partitioned_lock_manager.cc:286] Releasing 
<PartitionedLockId>{id: 0x31, partition: 0} requested by 
AdjustAppStateBeforeCommit@chrome\browser\web_applications\jobs\finalize_install_or_update_job.cc:743
[19156:7236:0929/024203.597:VERBOSE1:chrome\browser\web_applications\locks\partitioned_lock_manager.cc:262] Acquiring 
<PartitionedLockId>{id: 0x31, partition: 0} for 
MaybeStartNext@chrome\browser\web_applications\externally_managed_app_manager.cc:271
[19156:7236:0929/024203.597:VERBOSE1:chrome\browser\web_applications\locks\partitioned_lock_manager.cc:243] All locks 
acquired for MaybeStartNext@chrome\browser\web_applications\externally_managed_app_manager.cc:271
[19156:7236:0929/024203.597:VERBOSE1:chrome\browser\web_applications\locks\partitioned_lock_manager.cc:262] Acquiring 
<PartitionedLockId>{id: 0x30, partition: 0} for 
StartInstallationTask@chrome\browser\web_applications\externally_managed_app_manager.cc:411
[19156:7236:0929/024203.598:VERBOSE1:chrome\browser\web_applications\locks\partitioned_lock_manager.cc:243] All locks 
acquired for StartInstallationTask@chrome\browser\web_applications\externally_managed_app_manager.cc:411
[19156:7236:0929/024203.598:VERBOSE1:chrome\browser\web_applications\locks\partitioned_lock_manager.cc:286] Releasing 
<PartitionedLockId>{id: 0x31, partition: 0} requested by 
MaybeStartNext@chrome\browser\web_applications\externally_managed_app_manager.cc:271
[19156:7236:0929/024203.708:VERBOSE1:chrome\browser\web_applications\locks\partitioned_lock_manager.cc:262] Acquiring 
<PartitionedLockId>{id: 0x31, partition: 0} for 
InstallFromInfo@chrome\browser\web_applications\commands\external_app_resolution_command.cc:799
[19156:7236:0929/024203.708:VERBOSE1:chrome\browser\web_applications\locks\partitioned_lock_manager.cc:262] Acquiring 
<PartitionedLockId>{id: 0x6b65666a6c65646f6e6b6c696a6f706d6e6f6d6c6362706c6c63686169626167, partition: 1} for 
InstallFromInfo@chrome\browser\web_applications\commands\external_app_resolution_command.cc:799
[19156:7236:0929/024203.708:VERBOSE1:chrome\browser\web_applications\locks\partitioned_lock_manager.cc:243] All locks 
acquired for InstallFromInfo@chrome\browser\web_applications\commands\external_app_resolution_command.cc:799
[19156:7236:0929/024203.823:VERBOSE1:extensions\browser\install_signer.cc:349] Sending request: 
{"hash":"qYJtbU7EKaqo8JOb0YJNOtpZ22ao2KQJTAxEE0FNQEk=","ids":["fheoggkfdfchfphceeifdbepaooicaho"],"protocol_version":1}
[19156:7236:0929/024203.826:VERBOSE1:chrome\browser\profiles\profile_manager.cc:1462] RemoveKeepAlive(Default, 
kExtensionUpdater). keep_alives=[kBrowserWindow (1), kExtensionUpdater (3)]
[19156:7236:0929/024203.831:VERBOSE1:chrome\browser\profiles\profile_manager.cc:1401] AddKeepAlive(Default, 
kWebAppUpdate). keep_alives=[kBrowserWindow (1), kExtensionUpdater (3), kWebAppUpdate (1)]
[19156:7236:0929/024203.836:VERBOSE1:chrome\browser\web_applications\locks\partitioned_lock_manager.cc:286] Releasing 
<PartitionedLockId>{id: 0x6b65666a6c65646f6e6b6c696a6f706d6e6f6d6c6362706c6c63686169626167, partition: 1} requested by 
InstallFromInfo@chrome\browser\web_applications\commands\external_app_resolution_command.cc:799
[19156:7236:0929/024203.836:VERBOSE1:chrome\browser\web_applications\locks\partitioned_lock_manager.cc:286] Releasing 
<PartitionedLockId>{id: 0x31, partition: 0} requested by 
InstallFromInfo@chrome\browser\web_applications\commands\external_app_resolution_command.cc:799
[19156:7236:0929/024203.836:VERBOSE1:chrome\browser\web_applications\locks\partitioned_lock_manager.cc:318] Acquiring 
<PartitionedLockId>{id: 0x31, partition: 0} for 
AdjustAppStateBeforeCommit@chrome\browser\web_applications\jobs\finalize_install_or_update_job.cc:743
[19156:7236:0929/024203.836:VERBOSE1:chrome\browser\web_applications\locks\partitioned_lock_manager.cc:243] All locks 
acquired for AdjustAppStateBeforeCommit@chrome\browser\web_applications\jobs\finalize_install_or_update_job.cc:743
[19156:7236:0929/024203.836:VERBOSE1:chrome\browser\web_applications\locks\partitioned_lock_manager.cc:286] Releasing 
<PartitionedLockId>{id: 0x30, partition: 0} requested by 
StartInstallationTask@chrome\browser\web_applications\externally_managed_app_manager.cc:411
[19156:7236:0929/024203.836:VERBOSE1:chrome\browser\profiles\profile_manager.cc:1462] RemoveKeepAlive(Default, 
kWebAppUpdate). keep_alives=[kBrowserWindow (1), kExtensionUpdater (3)]
[19156:7236:0929/024203.836:VERBOSE1:chrome\browser\web_applications\locks\partitioned_lock_manager.cc:286] Releasing 
<PartitionedLockId>{id: 0x31, partition: 0} requested by 
AdjustAppStateBeforeCommit@chrome\browser\web_applications\jobs\finalize_install_or_update_job.cc:743
[19156:7236:0929/024203.840:VERBOSE1:chrome\browser\web_applications\locks\partitioned_lock_manager.cc:262] Acquiring 
<PartitionedLockId>{id: 0x31, partition: 0} for 
MaybeStartNext@chrome\browser\web_applications\externally_managed_app_manager.cc:271
[19156:7236:0929/024203.840:VERBOSE1:chrome\browser\web_applications\locks\partitioned_lock_manager.cc:243] All locks 
acquired for MaybeStartNext@chrome\browser\web_applications\externally_managed_app_manager.cc:271
[19156:7236:0929/024203.841:VERBOSE1:chrome\browser\web_applications\locks\partitioned_lock_manager.cc:262] Acquiring 
<PartitionedLockId>{id: 0x30, partition: 0} for 
StartInstallationTask@chrome\browser\web_applications\externally_managed_app_manager.cc:411
[19156:7236:0929/024203.841:VERBOSE1:chrome\browser\web_applications\locks\partitioned_lock_manager.cc:243] All locks 
acquired for StartInstallationTask@chrome\browser\web_applications\externally_managed_app_manager.cc:411
[19156:7236:0929/024203.841:VERBOSE1:chrome\browser\web_applications\locks\partitioned_lock_manager.cc:286] Releasing 
<PartitionedLockId>{id: 0x31, partition: 0} requested by 
MaybeStartNext@chrome\browser\web_applications\externally_managed_app_manager.cc:271
[19156:7236:0929/024203.938:VERBOSE1:chrome\browser\web_applications\locks\partitioned_lock_manager.cc:262] Acquiring 
<PartitionedLockId>{id: 0x31, partition: 0} for 
InstallFromInfo@chrome\browser\web_applications\commands\external_app_resolution_command.cc:799
[19156:7236:0929/024203.938:VERBOSE1:chrome\browser\web_applications\locks\partitioned_lock_manager.cc:262] Acquiring 
<PartitionedLockId>{id: 0x6167696d6e6b696a636161686e6763646d6665616e67616b6e6d6c646f6f6d6c, partition: 1} for 
InstallFromInfo@chrome\browser\web_applications\commands\external_app_resolution_command.cc:799
[19156:7236:0929/024203.938:VERBOSE1:chrome\browser\web_applications\locks\partitioned_lock_manager.cc:243] All locks 
acquired for InstallFromInfo@chrome\browser\web_applications\commands\external_app_resolution_command.cc:799
[19156:7236:0929/024204.000:VERBOSE1:components\segmentation_platform\internal\selection\segment_result_provider.cc:226
] GetCachedModelScore: segment=OPTIMIZATION_TARGET_SEGMENTATION_CHROME_LOW_USER_ENGAGEMENT does not have a segment 
info.
[19156:7236:0929/024204.000:VERBOSE1:components\segmentation_platform\internal\selection\segment_result_provider.cc:172
] OnGotModelScore: segment=OPTIMIZATION_TARGET_SEGMENTATION_CHROME_LOW_USER_ENGAGEMENT failed to get score from 
database, executing server model.
[19156:7236:0929/024204.000:VERBOSE1:components\segmentation_platform\internal\selection\segment_result_provider.cc:277
] ExecuteModelAndGetScore: segment=OPTIMIZATION_TARGET_SEGMENTATION_CHROME_LOW_USER_ENGAGEMENT server segment info not 
available
[19156:7236:0929/024204.000:VERBOSE1:components\segmentation_platform\internal\selection\segment_result_provider.cc:201
] OnGotModelScore: segment=OPTIMIZATION_TARGET_SEGMENTATION_CHROME_LOW_USER_ENGAGEMENT failed to get score from 
executing server model, getting score from default model from db.
[19156:7236:0929/024204.000:VERBOSE1:components\segmentation_platform\internal\selection\segment_result_provider.cc:240
] GetCachedModelScore: segment=OPTIMIZATION_TARGET_SEGMENTATION_CHROME_LOW_USER_ENGAGEMENT has expired or unavailable 
result.
[19156:7236:0929/024204.000:VERBOSE1:components\segmentation_platform\internal\selection\segment_result_provider.cc:210
] OnGotModelScore: segment=OPTIMIZATION_TARGET_SEGMENTATION_CHROME_LOW_USER_ENGAGEMENT failed to get database model 
score, trying default model.
[19156:7236:0929/024204.000:VERBOSE1:components\segmentation_platform\internal\selection\segment_result_provider.cc:295
] ExecuteModelAndGetScore: segment=OPTIMIZATION_TARGET_SEGMENTATION_CHROME_LOW_USER_ENGAGEMENT signal collection not 
met
[19156:7236:0929/024204.000:VERBOSE1:components\segmentation_platform\internal\selection\segment_result_provider.cc:226
] GetCachedModelScore: segment=OPTIMIZATION_TARGET_SEGMENTATION_SEARCH_USER does not have a segment info.
[19156:7236:0929/024204.000:VERBOSE1:components\segmentation_platform\internal\selection\segment_result_provider.cc:172
] OnGotModelScore: segment=OPTIMIZATION_TARGET_SEGMENTATION_SEARCH_USER failed to get score from database, executing 
server model.
[19156:7236:0929/024204.000:VERBOSE1:components\segmentation_platform\internal\selection\segment_result_provider.cc:277
] ExecuteModelAndGetScore: segment=OPTIMIZATION_TARGET_SEGMENTATION_SEARCH_USER server segment info not available
[19156:7236:0929/024204.000:VERBOSE1:components\segmentation_platform\internal\selection\segment_result_provider.cc:201
] OnGotModelScore: segment=OPTIMIZATION_TARGET_SEGMENTATION_SEARCH_USER failed to get score from executing server 
model, getting score from default model from db.
[19156:7236:0929/024204.000:VERBOSE1:components\segmentation_platform\internal\selection\segment_result_provider.cc:240
] GetCachedModelScore: segment=OPTIMIZATION_TARGET_SEGMENTATION_SEARCH_USER has expired or unavailable result.
[19156:7236:0929/024204.000:VERBOSE1:components\segmentation_platform\internal\selection\segment_result_provider.cc:210
] OnGotModelScore: segment=OPTIMIZATION_TARGET_SEGMENTATION_SEARCH_USER failed to get database model score, trying 
default model.
[19156:7236:0929/024204.000:VERBOSE1:components\segmentation_platform\internal\selection\segment_result_provider.cc:295
] ExecuteModelAndGetScore: segment=OPTIMIZATION_TARGET_SEGMENTATION_SEARCH_USER signal collection not met
[19156:7236:0929/024204.000:VERBOSE1:components\segmentation_platform\internal\selection\segment_result_provider.cc:226
] GetCachedModelScore: segment=OPTIMIZATION_TARGET_SEGMENTATION_SHOPPING_USER does not have a segment info.
[19156:7236:0929/024204.000:VERBOSE1:components\segmentation_platform\internal\selection\segment_result_provider.cc:172
] OnGotModelScore: segment=OPTIMIZATION_TARGET_SEGMENTATION_SHOPPING_USER failed to get score from database, executing 
server model.
[19156:7236:0929/024204.000:VERBOSE1:components\segmentation_platform\internal\selection\segment_result_provider.cc:277
] ExecuteModelAndGetScore: segment=OPTIMIZATION_TARGET_SEGMENTATION_SHOPPING_USER server segment info not available
[19156:7236:0929/024204.000:VERBOSE1:components\segmentation_platform\internal\selection\segment_result_provider.cc:201
] OnGotModelScore: segment=OPTIMIZATION_TARGET_SEGMENTATION_SHOPPING_USER failed to get score from executing server 
model, getting score from default model from db.
[19156:7236:0929/024204.000:VERBOSE1:components\segmentation_platform\internal\selection\segment_result_provider.cc:240
] GetCachedModelScore: segment=OPTIMIZATION_TARGET_SEGMENTATION_SHOPPING_USER has expired or unavailable result.
[19156:7236:0929/024204.000:VERBOSE1:components\segmentation_platform\internal\selection\segment_result_provider.cc:210
] OnGotModelScore: segment=OPTIMIZATION_TARGET_SEGMENTATION_SHOPPING_USER failed to get database model score, trying 
default model.
[19156:7236:0929/024204.000:VERBOSE1:components\segmentation_platform\internal\selection\segment_result_provider.cc:226
] GetCachedModelScore: segment=CROSS_DEVICE_USER_SEGMENT does not have a segment info.
[19156:7236:0929/024204.000:VERBOSE1:components\segmentation_platform\internal\selection\segment_result_provider.cc:172
] OnGotModelScore: segment=CROSS_DEVICE_USER_SEGMENT failed to get score from database, executing server model.
[19156:7236:0929/024204.000:VERBOSE1:components\segmentation_platform\internal\selection\segment_result_provider.cc:277
] ExecuteModelAndGetScore: segment=CROSS_DEVICE_USER_SEGMENT server segment info not available
[19156:7236:0929/024204.000:VERBOSE1:components\segmentation_platform\internal\selection\segment_result_provider.cc:201
] OnGotModelScore: segment=CROSS_DEVICE_USER_SEGMENT failed to get score from executing server model, getting score 
from default model from db.
[19156:7236:0929/024204.000:VERBOSE1:components\segmentation_platform\internal\selection\segment_result_provider.cc:240
] GetCachedModelScore: segment=CROSS_DEVICE_USER_SEGMENT has expired or unavailable result.
[19156:7236:0929/024204.000:VERBOSE1:components\segmentation_platform\internal\selection\segment_result_provider.cc:210
] OnGotModelScore: segment=CROSS_DEVICE_USER_SEGMENT failed to get database model score, trying default model.
[19156:7236:0929/024204.000:VERBOSE1:components\segmentation_platform\internal\selection\segment_result_provider.cc:295
] ExecuteModelAndGetScore: segment=CROSS_DEVICE_USER_SEGMENT signal collection not met
[19156:7236:0929/024204.000:VERBOSE1:components\segmentation_platform\internal\selection\segment_result_provider.cc:226
] GetCachedModelScore: segment=RESUME_HEAVY_USER_SEGMENT does not have a segment info.
[19156:7236:0929/024204.000:VERBOSE1:components\segmentation_platform\internal\selection\segment_result_provider.cc:172
] OnGotModelScore: segment=RESUME_HEAVY_USER_SEGMENT failed to get score from database, executing server model.
[19156:7236:0929/024204.000:VERBOSE1:components\segmentation_platform\internal\selection\segment_result_provider.cc:277
] ExecuteModelAndGetScore: segment=RESUME_HEAVY_USER_SEGMENT server segment info not available
[19156:7236:0929/024204.000:VERBOSE1:components\segmentation_platform\internal\selection\segment_result_provider.cc:201
] OnGotModelScore: segment=RESUME_HEAVY_USER_SEGMENT failed to get score from executing server model, getting score 
from default model from db.
[19156:7236:0929/024204.000:VERBOSE1:components\segmentation_platform\internal\selection\segment_result_provider.cc:240
] GetCachedModelScore: segment=RESUME_HEAVY_USER_SEGMENT has expired or unavailable result.
[19156:7236:0929/024204.000:VERBOSE1:components\segmentation_platform\internal\selection\segment_result_provider.cc:210
] OnGotModelScore: segment=RESUME_HEAVY_USER_SEGMENT failed to get database model score, trying default model.
[19156:7236:0929/024204.000:VERBOSE1:components\segmentation_platform\internal\selection\segment_result_provider.cc:295
] ExecuteModelAndGetScore: segment=RESUME_HEAVY_USER_SEGMENT signal collection not met
[19156:7236:0929/024204.000:VERBOSE1:components\segmentation_platform\internal\selection\segment_result_provider.cc:226
] GetCachedModelScore: segment=PASSWORD_MANAGER_USER does not have a segment info.
[19156:7236:0929/024204.000:VERBOSE1:components\segmentation_platform\internal\selection\segment_result_provider.cc:172
] OnGotModelScore: segment=PASSWORD_MANAGER_USER failed to get score from database, executing server model.
[19156:7236:0929/024204.000:VERBOSE1:components\segmentation_platform\internal\selection\segment_result_provider.cc:277
] ExecuteModelAndGetScore: segment=PASSWORD_MANAGER_USER server segment info not available
[19156:7236:0929/024204.000:VERBOSE1:components\segmentation_platform\internal\selection\segment_result_provider.cc:201
] OnGotModelScore: segment=PASSWORD_MANAGER_USER failed to get score from executing server model, getting score from 
default model from db.
[19156:8496:0929/024204.000:VERBOSE1:components\segmentation_platform\internal\database\ukm_database_backend.cc:355] 
Output from SQL query SELECT IFNULL(COUNT(metric_value),0)FROM uma_metrics WHERE metric_hash='1A94D82447638877' AND 
profile_id=? AND type=? AND metric_value IN(1)AND event_timestamp BETWEEN ? AND ? Bind values: 0:473043710 1:2 
2:2026-09-21 21:12:04.000524 UTC 3:2026-09-28 21:12:04.000524 UTC  Result: 0.000000,
[19156:7236:0929/024204.000:VERBOSE1:components\segmentation_platform\internal\selection\segment_result_provider.cc:240
] GetCachedModelScore: segment=PASSWORD_MANAGER_USER has expired or unavailable result.
[19156:7236:0929/024204.000:VERBOSE1:components\segmentation_platform\internal\selection\segment_result_provider.cc:210
] OnGotModelScore: segment=PASSWORD_MANAGER_USER failed to get database model score, trying default model.
[19156:7236:0929/024204.000:VERBOSE1:components\segmentation_platform\internal\selection\segment_result_provider.cc:295
] ExecuteModelAndGetScore: segment=PASSWORD_MANAGER_USER signal collection not met
[19156:7236:0929/024204.000:VERBOSE1:components\segmentation_platform\internal\selection\segment_result_provider.cc:226
] GetCachedModelScore: segment=CHROME_USER_ENGAGEMENT does not have a segment info.
[19156:7236:0929/024204.000:VERBOSE1:components\segmentation_platform\internal\selection\segment_result_provider.cc:172
] OnGotModelScore: segment=CHROME_USER_ENGAGEMENT failed to get score from database, executing server model.
[19156:8496:0929/024204.000:VERBOSE1:components\segmentation_platform\internal\database\ukm_database_backend.cc:355] 
Output from SQL query SELECT IFNULL(COUNT(metric_value),0)FROM uma_metrics WHERE metric_hash='8A5076C9026398BD' AND 
profile_id=? AND type=? AND event_timestamp BETWEEN ? AND ? Bind values: 0:473043710 1:1 2:2026-09-21 21:12:04.000524 
UTC 3:2026-09-28 21:12:04.000524 UTC  Result: 0.000000,
[19156:7236:0929/024204.000:VERBOSE1:components\segmentation_platform\internal\selection\segment_result_provider.cc:277
] ExecuteModelAndGetScore: segment=CHROME_USER_ENGAGEMENT server segment info not available
[19156:7236:0929/024204.000:VERBOSE1:components\segmentation_platform\internal\selection\segment_result_provider.cc:201
] OnGotModelScore: segment=CHROME_USER_ENGAGEMENT failed to get score from executing server model, getting score from 
default model from db.
[19156:7236:0929/024204.000:VERBOSE1:components\segmentation_platform\internal\selection\segment_result_provider.cc:240
] GetCachedModelScore: segment=CHROME_USER_ENGAGEMENT has expired or unavailable result.
[19156:7236:0929/024204.000:VERBOSE1:components\segmentation_platform\internal\selection\segment_result_provider.cc:210
] OnGotModelScore: segment=CHROME_USER_ENGAGEMENT failed to get database model score, trying default model.
[19156:7236:0929/024204.000:VERBOSE1:components\segmentation_platform\internal\selection\segment_result_provider.cc:295
] ExecuteModelAndGetScore: segment=CHROME_USER_ENGAGEMENT signal collection not met
[19156:8496:0929/024204.000:VERBOSE1:components\segmentation_platform\internal\database\ukm_database_backend.cc:355] 
Output from SQL query SELECT COALESCE((SELECT metric_value FROM uma_metrics WHERE metric_hash='ED7CFEC70BF9942D' AND 
profile_id=? AND type=? AND event_timestamp BETWEEN ? AND ? ORDER BY event_timestamp DESC,id DESC LIMIT 1),0.000000) 
Bind values: 0:473043710 1:3 2:2026-09-21 21:12:04.000524 UTC 3:2026-09-28 21:12:04.000524 UTC  Result: 0.000000,
[19156:7236:0929/024204.002:VERBOSE1:components\segmentation_platform\internal\execution\model_executor_impl.cc:191] 
Segmentation model input:  feature 0: 0 feature 1: 0 feature 2: 0 feature 3: 0 for segment 
OPTIMIZATION_TARGET_SEGMENTATION_SHOPPING_USER
[19156:7236:0929/024204.002:VERBOSE1:components\segmentation_platform\internal\execution\model_executor_impl.cc:220] 
Segmentation model result:  output 0: 0 for segment OPTIMIZATION_TARGET_SEGMENTATION_SHOPPING_USER
[19156:7236:0929/024204.002:VERBOSE1:components\segmentation_platform\internal\execution\model_executor_impl.cc:278] 
Model: OPTIMIZATION_TARGET_SEGMENTATION_SHOPPING_USER version: 3 execution status: 0, output size: 1
[19156:7236:0929/024204.002:VERBOSE1:components\segmentation_platform\internal\selection\segment_result_provider.cc:29]
 ComputeDiscreteMapping: segment=: result=0, rank=0
[19156:7236:0929/024204.002:VERBOSE1:components\segmentation_platform\internal\selection\segment_result_provider.cc:359
] OnModelExecuted: Default model executed successfully. Result: PredictionResult: timestamp: 13435103524002522 result 
0: 0 for segment OPTIMIZATION_TARGET_SEGMENTATION_SHOPPING_USER
[19156:7236:0929/024204.002:VERBOSE1:components\segmentation_platform\internal\database\segment_info_database.cc:208] 
SaveSegmentResult: saving: PredictionResult: timestamp: 13435103524002522 result 0: 0 for segment id: 
OPTIMIZATION_TARGET_SEGMENTATION_SHOPPING_USER
[19156:7236:0929/024204.002:VERBOSE1:components\segmentation_platform\internal\database\cached_result_writer.cc:30] 
CachedResultWriter updating prefs with new result: PredictionResult: timestamp: 13435103524002522 result 0: 0 for 
segmentation key: shopping_user
[19156:7236:0929/024204.086:VERBOSE1:components\signin\internal\identity_manager\mutable_profile_oauth2_token_service_d
elegate.cc:461] MutablePO2TS::RefreshTokenIsAvailable
[19156:7236:0929/024204.092:VERBOSE1:chrome\browser\profiles\profile_manager.cc:1462] RemoveKeepAlive(Default, 
kExtensionUpdater). keep_alives=[kBrowserWindow (1), kExtensionUpdater (2)]
[19156:7236:0929/024204.095:VERBOSE1:chrome\browser\profiles\profile_manager.cc:1401] AddKeepAlive(Default, 
kWebAppUpdate). keep_alives=[kBrowserWindow (1), kExtensionUpdater (2), kWebAppUpdate (1)]
[19156:7236:0929/024204.095:VERBOSE1:chrome\browser\web_applications\locks\partitioned_lock_manager.cc:286] Releasing 
<PartitionedLockId>{id: 0x6167696d6e6b696a636161686e6763646d6665616e67616b6e6d6c646f6f6d6c, partition: 1} requested by 
InstallFromInfo@chrome\browser\web_applications\commands\external_app_resolution_command.cc:799
[19156:7236:0929/024204.095:VERBOSE1:chrome\browser\web_applications\locks\partitioned_lock_manager.cc:286] Releasing 
<PartitionedLockId>{id: 0x31, partition: 0} requested by 
InstallFromInfo@chrome\browser\web_applications\commands\external_app_resolution_command.cc:799
[19156:7236:0929/024204.095:VERBOSE1:chrome\browser\web_applications\locks\partitioned_lock_manager.cc:318] Acquiring 
<PartitionedLockId>{id: 0x31, partition: 0} for 
AdjustAppStateBeforeCommit@chrome\browser\web_applications\jobs\finalize_install_or_update_job.cc:743
[19156:7236:0929/024204.095:VERBOSE1:chrome\browser\web_applications\locks\partitioned_lock_manager.cc:243] All locks 
acquired for AdjustAppStateBeforeCommit@chrome\browser\web_applications\jobs\finalize_install_or_update_job.cc:743
[19156:7236:0929/024204.095:VERBOSE1:chrome\browser\web_applications\locks\partitioned_lock_manager.cc:286] Releasing 
<PartitionedLockId>{id: 0x30, partition: 0} requested by 
StartInstallationTask@chrome\browser\web_applications\externally_managed_app_manager.cc:411
[19156:7236:0929/024204.102:VERBOSE1:chrome\browser\profiles\profile_manager.cc:1462] RemoveKeepAlive(Default, 
kWebAppUpdate). keep_alives=[kBrowserWindow (1), kExtensionUpdater (2)]
[19156:7236:0929/024204.102:VERBOSE1:chrome\browser\web_applications\locks\partitioned_lock_manager.cc:286] Releasing 
<PartitionedLockId>{id: 0x31, partition: 0} requested by 
AdjustAppStateBeforeCommit@chrome\browser\web_applications\jobs\finalize_install_or_update_job.cc:743
[19156:7236:0929/024204.105:VERBOSE1:chrome\browser\web_applications\locks\partitioned_lock_manager.cc:262] Acquiring 
<PartitionedLockId>{id: 0x31, partition: 0} for 
MaybeStartNext@chrome\browser\web_applications\externally_managed_app_manager.cc:271
[19156:7236:0929/024204.105:VERBOSE1:chrome\browser\web_applications\locks\partitioned_lock_manager.cc:243] All locks 
acquired for MaybeStartNext@chrome\browser\web_applications\externally_managed_app_manager.cc:271
[19156:10984:0929/024204.105:VERBOSE1:net\disk_cache\simple\simple_index_file.cc:625] Simple Cache Index is being 
restored from disk.
[19156:7236:0929/024204.107:VERBOSE1:chrome\browser\web_applications\locks\partitioned_lock_manager.cc:262] Acquiring 
<PartitionedLockId>{id: 0x30, partition: 0} for 
StartInstallationTask@chrome\browser\web_applications\externally_managed_app_manager.cc:411
[19156:7236:0929/024204.107:VERBOSE1:chrome\browser\web_applications\locks\partitioned_lock_manager.cc:243] All locks 
acquired for StartInstallationTask@chrome\browser\web_applications\externally_managed_app_manager.cc:411
[19156:7236:0929/024204.107:VERBOSE1:chrome\browser\web_applications\locks\partitioned_lock_manager.cc:286] Releasing 
<PartitionedLockId>{id: 0x31, partition: 0} requested by 
MaybeStartNext@chrome\browser\web_applications\externally_managed_app_manager.cc:271
[19156:18248:0929/024204.107:VERBOSE1:net\disk_cache\simple\simple_index_file.cc:625] Simple Cache Index is being 
restored from disk.
[19156:8496:0929/024204.122:VERBOSE1:extensions\browser\content_verifier\content_hash.cc:397] content mismatch for 
_locales/bg/messages.json
[19156:8496:0929/024204.122:VERBOSE1:extensions\browser\content_verifier\content_hash.cc:397] content mismatch for 
_locales/ca/messages.json
[19156:8496:0929/024204.122:VERBOSE1:extensions\browser\content_verifier\content_hash.cc:397] content mismatch for 
_locales/cs/messages.json
[19156:8496:0929/024204.122:VERBOSE1:extensions\browser\content_verifier\content_hash.cc:397] content mismatch for 
_locales/da/messages.json
[19156:8496:0929/024204.122:VERBOSE1:extensions\browser\content_verifier\content_hash.cc:397] content mismatch for 
_locales/de/messages.json
[19156:8496:0929/024204.122:VERBOSE1:extensions\browser\content_verifier\content_hash.cc:397] content mismatch for 
_locales/el/messages.json
[19156:8496:0929/024204.122:VERBOSE1:extensions\browser\content_verifier\content_hash.cc:397] content mismatch for 
_locales/en/messages.json
[19156:8496:0929/024204.122:VERBOSE1:extensions\browser\content_verifier\content_hash.cc:397] content mismatch for 
_locales/en_GB/messages.json
[19156:8496:0929/024204.122:VERBOSE1:extensions\browser\content_verifier\content_hash.cc:397] content mismatch for 
_locales/es/messages.json
[19156:8496:0929/024204.122:VERBOSE1:extensions\browser\content_verifier\content_hash.cc:397] content mismatch for 
_locales/es_419/messages.json
[19156:8496:0929/024204.122:VERBOSE1:extensions\browser\content_verifier\content_hash.cc:397] content mismatch for 
_locales/et/messages.json
[19156:8496:0929/024204.122:VERBOSE1:extensions\browser\content_verifier\content_hash.cc:397] content mismatch for 
_locales/fi/messages.json
[19156:8496:0929/024204.122:VERBOSE1:extensions\browser\content_verifier\content_hash.cc:397] content mismatch for 
_locales/fil/messages.json
[19156:8496:0929/024204.122:VERBOSE1:extensions\browser\content_verifier\content_hash.cc:397] content mismatch for 
_locales/fr/messages.json
[19156:8496:0929/024204.122:VERBOSE1:extensions\browser\content_verifier\content_hash.cc:397] content mismatch for 
_locales/hi/messages.json
[19156:8496:0929/024204.122:VERBOSE1:extensions\browser\content_verifier\content_hash.cc:397] content mismatch for 
_locales/hr/messages.json
[19156:8496:0929/024204.122:VERBOSE1:extensions\browser\content_verifier\content_hash.cc:397] content mismatch for 
_locales/hu/messages.json
[19156:8496:0929/024204.122:VERBOSE1:extensions\browser\content_verifier\content_hash.cc:397] content mismatch for 
_locales/id/messages.json
[19156:8496:0929/024204.122:VERBOSE1:extensions\browser\content_verifier\content_hash.cc:397] content mismatch for 
_locales/it/messages.json
[19156:8496:0929/024204.122:VERBOSE1:extensions\browser\content_verifier\content_hash.cc:397] content mismatch for 
_locales/ja/messages.json
[19156:8496:0929/024204.122:VERBOSE1:extensions\browser\content_verifier\content_hash.cc:397] content mismatch for 
_locales/ko/messages.json
[19156:8496:0929/024204.122:VERBOSE1:extensions\browser\content_verifier\content_hash.cc:397] content mismatch for 
_locales/lt/messages.json
[19156:8496:0929/024204.122:VERBOSE1:extensions\browser\content_verifier\content_hash.cc:397] content mismatch for 
_locales/lv/messages.json
[19156:8496:0929/024204.122:VERBOSE1:extensions\browser\content_verifier\content_hash.cc:397] content mismatch for 
_locales/nb/messages.json
[19156:8496:0929/024204.122:VERBOSE1:extensions\browser\content_verifier\content_hash.cc:397] content mismatch for 
_locales/nl/messages.json
[19156:8496:0929/024204.122:VERBOSE1:extensions\browser\content_verifier\content_hash.cc:397] content mismatch for 
_locales/pl/messages.json
[19156:8496:0929/024204.122:VERBOSE1:extensions\browser\content_verifier\content_hash.cc:397] content mismatch for 
_locales/pt_BR/messages.json
[19156:8496:0929/024204.122:VERBOSE1:extensions\browser\content_verifier\content_hash.cc:397] content mismatch for 
_locales/pt_PT/messages.json
[19156:8496:0929/024204.122:VERBOSE1:extensions\browser\content_verifier\content_hash.cc:397] content mismatch for 
_locales/ro/messages.json
[19156:8496:0929/024204.122:VERBOSE1:extensions\browser\content_verifier\content_hash.cc:397] content mismatch for 
_locales/ru/messages.json
[19156:8496:0929/024204.122:VERBOSE1:extensions\browser\content_verifier\content_hash.cc:397] content mismatch for 
_locales/sk/messages.json
[19156:8496:0929/024204.122:VERBOSE1:extensions\browser\content_verifier\content_hash.cc:397] content mismatch for 
_locales/sl/messages.json
[19156:8496:0929/024204.122:VERBOSE1:extensions\browser\content_verifier\content_hash.cc:397] content mismatch for 
_locales/sr/messages.json
[19156:8496:0929/024204.122:VERBOSE1:extensions\browser\content_verifier\content_hash.cc:397] content mismatch for 
_locales/sv/messages.json
[19156:8496:0929/024204.122:VERBOSE1:extensions\browser\content_verifier\content_hash.cc:397] content mismatch for 
_locales/th/messages.json
[19156:8496:0929/024204.122:VERBOSE1:extensions\browser\content_verifier\content_hash.cc:397] content mismatch for 
_locales/tr/messages.json
[19156:8496:0929/024204.122:VERBOSE1:extensions\browser\content_verifier\content_hash.cc:397] content mismatch for 
_locales/uk/messages.json
[19156:8496:0929/024204.122:VERBOSE1:extensions\browser\content_verifier\content_hash.cc:397] content mismatch for 
_locales/vi/messages.json
[19156:8496:0929/024204.122:VERBOSE1:extensions\browser\content_verifier\content_hash.cc:397] content mismatch for 
_locales/zh_CN/messages.json
[19156:8496:0929/024204.122:VERBOSE1:extensions\browser\content_verifier\content_hash.cc:397] content mismatch for 
_locales/zh_TW/messages.json
[19156:8496:0929/024204.122:VERBOSE1:extensions\browser\content_verifier\content_hash.cc:397] content mismatch for 
images/icon_128.png
[19156:8496:0929/024204.122:VERBOSE1:extensions\browser\content_verifier\content_hash.cc:397] content mismatch for 
images/icon_16.png
[19156:8496:0929/024204.122:VERBOSE1:extensions\browser\content_verifier\content_hash.cc:397] content mismatch for 
manifest.json
[19156:22232:0929/024204.124:VERBOSE1:extensions\browser\content_verifier\content_verifier.cc:939] OnFetchComplete 
nmmhkkegccagdldgiimedpiccmgmieda success:1
[19156:7236:0929/024204.228:VERBOSE1:extensions\browser\install_signer.cc:370] Got response: {
  "protocol_version": 1,
  "signature": "VLhELqF23pzsegnLBHyi1R0J4hd691kMrW3fU4hKNnZYb6fqIwrifRaCDCCMpv6vmHf0Nu8NJ19mXEnM833ziaL4Hnwc0uWMeJY9n3S
50olhpPnEpdGj/FwgdGgv08o/vIV5alfvWTxyhMAZYkC4lI6i/wLNhcdTOmIiKLA04wDrZcA+HQYeaaYGZUx4HCQjLEkcNYGLEuPuqHZ/sZ2kE0NUv+Ifd7
JLmsAycetr2Y6qLFNMwC6dPQFeycZ3g4HBAUUETcNAglWMjq+n4gTyQsSlHndt4EHSAnGvBNgTcUuJgm22ov4HtfWIpXwAdh51onmG0rwfpfdAbBW54fUvO
g==",
  "expiry": "2026-12-21",
  "pubkey_sha1_hash": "a2159534e3753e716819beb8aae14b326927505a"
}

[19156:10984:0929/024204.411:VERBOSE1:content\browser\loader\file_url_loader_factory.cc:477] FileURLLoader::Start: file
:///C:/Users/RAJHANS%20MAHATO/AppData/Local/Temp/f081dbdf-4cff-43c2-9cfc-a9f6c2f4fffe/Default/Extensions/nmmhkkegccagdl
dgiimedpiccmgmieda/1.0.0.6_0/craw_background.js
[19156:22232:0929/024204.413:VERBOSE1:extensions\browser\content_verifier\content_verifier.cc:939] OnFetchComplete 
nmmhkkegccagdldgiimedpiccmgmieda success:1
[19156:7236:0929/024204.416:VERBOSE1:chrome\browser\web_applications\locks\partitioned_lock_manager.cc:262] Acquiring 
<PartitionedLockId>{id: 0x31, partition: 0} for 
InstallFromInfo@chrome\browser\web_applications\commands\external_app_resolution_command.cc:799
[19156:7236:0929/024204.416:VERBOSE1:chrome\browser\web_applications\locks\partitioned_lock_manager.cc:262] Acquiring 
<PartitionedLockId>{id: 0x706f6d6d61636c6362666768636c68616c626f616b636970636d6d6e6468636a, partition: 1} for 
InstallFromInfo@chrome\browser\web_applications\commands\external_app_resolution_command.cc:799
[19156:7236:0929/024204.416:VERBOSE1:chrome\browser\web_applications\locks\partitioned_lock_manager.cc:243] All locks 
acquired for InstallFromInfo@chrome\browser\web_applications\commands\external_app_resolution_command.cc:799
[19156:7236:0929/024204.512:VERBOSE1:chrome\browser\profiles\profile_manager.cc:1401] AddKeepAlive(Default, 
kWebAppUpdate). keep_alives=[kBrowserWindow (1), kExtensionUpdater (2), kWebAppUpdate (1)]
[19156:7236:0929/024204.512:VERBOSE1:chrome\browser\web_applications\locks\partitioned_lock_manager.cc:286] Releasing 
<PartitionedLockId>{id: 0x706f6d6d61636c6362666768636c68616c626f616b636970636d6d6e6468636a, partition: 1} requested by 
InstallFromInfo@chrome\browser\web_applications\commands\external_app_resolution_command.cc:799
[19156:7236:0929/024204.512:VERBOSE1:chrome\browser\web_applications\locks\partitioned_lock_manager.cc:286] Releasing 
<PartitionedLockId>{id: 0x31, partition: 0} requested by 
InstallFromInfo@chrome\browser\web_applications\commands\external_app_resolution_command.cc:799
[19156:7236:0929/024204.512:VERBOSE1:chrome\browser\web_applications\locks\partitioned_lock_manager.cc:318] Acquiring 
<PartitionedLockId>{id: 0x31, partition: 0} for 
AdjustAppStateBeforeCommit@chrome\browser\web_applications\jobs\finalize_install_or_update_job.cc:743
[19156:7236:0929/024204.512:VERBOSE1:chrome\browser\web_applications\locks\partitioned_lock_manager.cc:243] All locks 
acquired for AdjustAppStateBeforeCommit@chrome\browser\web_applications\jobs\finalize_install_or_update_job.cc:743
[19156:7236:0929/024204.512:VERBOSE1:chrome\browser\web_applications\locks\partitioned_lock_manager.cc:286] Releasing 
<PartitionedLockId>{id: 0x30, partition: 0} requested by 
StartInstallationTask@chrome\browser\web_applications\externally_managed_app_manager.cc:411
[19156:7236:0929/024204.512:VERBOSE1:chrome\browser\profiles\profile_manager.cc:1462] RemoveKeepAlive(Default, 
kWebAppUpdate). keep_alives=[kBrowserWindow (1), kExtensionUpdater (2)]
[19156:7236:0929/024204.512:VERBOSE1:chrome\browser\web_applications\locks\partitioned_lock_manager.cc:286] Releasing 
<PartitionedLockId>{id: 0x31, partition: 0} requested by 
AdjustAppStateBeforeCommit@chrome\browser\web_applications\jobs\finalize_install_or_update_job.cc:743
[19156:7236:0929/024204.512:VERBOSE1:chrome\browser\web_applications\locks\partitioned_lock_manager.cc:318] Acquiring 
<PartitionedLockId>{id: 0x31, partition: 0} for 
ContinueSynchronization@chrome\browser\web_applications\externally_managed_app_manager.cc:736
[19156:7236:0929/024204.512:VERBOSE1:chrome\browser\web_applications\locks\partitioned_lock_manager.cc:243] All locks 
acquired for ContinueSynchronization@chrome\browser\web_applications\externally_managed_app_manager.cc:736
[19156:7236:0929/024204.515:VERBOSE1:chrome\browser\web_applications\locks\partitioned_lock_manager.cc:286] Releasing 
<PartitionedLockId>{id: 0x31, partition: 0} requested by 
ContinueSynchronization@chrome\browser\web_applications\externally_managed_app_manager.cc:736
[19156:7236:0929/024204.515:VERBOSE1:chrome\browser\web_applications\locks\partitioned_lock_manager.cc:318] Acquiring 
<PartitionedLockId>{id: 0x31, partition: 0} for 
MaybeStartNext@chrome\browser\web_applications\externally_managed_app_manager.cc:271
[19156:7236:0929/024204.515:VERBOSE1:chrome\browser\web_applications\locks\partitioned_lock_manager.cc:243] All locks 
acquired for MaybeStartNext@chrome\browser\web_applications\externally_managed_app_manager.cc:271
[19156:7236:0929/024204.518:VERBOSE1:chrome\browser\web_applications\locks\partitioned_lock_manager.cc:286] Releasing 
<PartitionedLockId>{id: 0x31, partition: 0} requested by 
MaybeStartNext@chrome\browser\web_applications\externally_managed_app_manager.cc:271
[19156:7236:0929/024204.640:VERBOSE1:extensions\browser\install_signer.cc:349] Sending request: {"hash":"/53lUXqE+EURlC
HNvmMEUaTPAHL0watidbSTrYDNVUo=","ids":["fheoggkfdfchfphceeifdbepaooicaho","ghbmnnjooekpmoecnnnilnnbdlolhkhi"],"protocol
_version":1}
[19156:7236:0929/024204.645:VERBOSE1:chrome\browser\profiles\profile_manager.cc:1462] RemoveKeepAlive(Default, 
kExtensionUpdater). keep_alives=[kBrowserWindow (1), kExtensionUpdater (1)]
[19156:7236:0929/024204.645:VERBOSE1:chrome\browser\profiles\profile_manager.cc:1462] RemoveKeepAlive(Default, 
kExtensionUpdater). keep_alives=[kBrowserWindow (1)]
[19156:8496:0929/024204.656:VERBOSE1:content\browser\loader\file_url_loader_factory.cc:477] FileURLLoader::Start: file:
///C:/Users/RAJHANS%20MAHATO/AppData/Local/Temp/f081dbdf-4cff-43c2-9cfc-a9f6c2f4fffe/Default/Extensions/ghbmnnjooekpmoe
cnnnilnnbdlolhkhi/1.110.1_0/service_worker_bin_prod.js
[19156:10984:0929/024204.702:VERBOSE1:extensions\browser\content_verifier\content_hash.cc:397] content mismatch for 
128.png
[19156:10984:0929/024204.702:VERBOSE1:extensions\browser\content_verifier\content_hash.cc:397] content mismatch for 
_locales/af/messages.json
[19156:10984:0929/024204.702:VERBOSE1:extensions\browser\content_verifier\content_hash.cc:397] content mismatch for 
_locales/am/messages.json
[19156:10984:0929/024204.702:VERBOSE1:extensions\browser\content_verifier\content_hash.cc:397] content mismatch for 
_locales/ar/messages.json
[19156:10984:0929/024204.702:VERBOSE1:extensions\browser\content_verifier\content_hash.cc:397] content mismatch for 
_locales/as/messages.json
[19156:10984:0929/024204.702:VERBOSE1:extensions\browser\content_verifier\content_hash.cc:397] content mismatch for 
_locales/az/messages.json
[19156:10984:0929/024204.702:VERBOSE1:extensions\browser\content_verifier\content_hash.cc:397] content mismatch for 
_locales/be/messages.json
[19156:10984:0929/024204.702:VERBOSE1:extensions\browser\content_verifier\content_hash.cc:397] content mismatch for 
_locales/bg/messages.json
[19156:10984:0929/024204.702:VERBOSE1:extensions\browser\content_verifier\content_hash.cc:397] content mismatch for 
_locales/bn/messages.json
[19156:10984:0929/024204.702:VERBOSE1:extensions\browser\content_verifier\content_hash.cc:397] content mismatch for 
_locales/ca/messages.json
[19156:10984:0929/024204.702:VERBOSE1:extensions\browser\content_verifier\content_hash.cc:397] content mismatch for 
_locales/cs/messages.json
[19156:10984:0929/024204.702:VERBOSE1:extensions\browser\content_verifier\content_hash.cc:397] content mismatch for 
_locales/cy/messages.json
[19156:10984:0929/024204.702:VERBOSE1:extensions\browser\content_verifier\content_hash.cc:397] content mismatch for 
_locales/da/messages.json
[19156:10984:0929/024204.702:VERBOSE1:extensions\browser\content_verifier\content_hash.cc:397] content mismatch for 
_locales/de/messages.json
[19156:10984:0929/024204.702:VERBOSE1:extensions\browser\content_verifier\content_hash.cc:397] content mismatch for 
_locales/el/messages.json
[19156:10984:0929/024204.702:VERBOSE1:extensions\browser\content_verifier\content_hash.cc:397] content mismatch for 
_locales/en/messages.json
[19156:10984:0929/024204.702:VERBOSE1:extensions\browser\content_verifier\content_hash.cc:397] content mismatch for 
_locales/en_CA/messages.json
[19156:10984:0929/024204.702:VERBOSE1:extensions\browser\content_verifier\content_hash.cc:397] content mismatch for 
_locales/en_GB/messages.json
[19156:10984:0929/024204.702:VERBOSE1:extensions\browser\content_verifier\content_hash.cc:397] content mismatch for 
_locales/en_US/messages.json
[19156:10984:0929/024204.702:VERBOSE1:extensions\browser\content_verifier\content_hash.cc:397] content mismatch for 
_locales/es/messages.json
[19156:10984:0929/024204.702:VERBOSE1:extensions\browser\content_verifier\content_hash.cc:397] content mismatch for 
_locales/es_419/messages.json
[19156:10984:0929/024204.702:VERBOSE1:extensions\browser\content_verifier\content_hash.cc:397] content mismatch for 
_locales/et/messages.json
[19156:10984:0929/024204.702:VERBOSE1:extensions\browser\content_verifier\content_hash.cc:397] content mismatch for 
_locales/eu/messages.json
[19156:10984:0929/024204.702:VERBOSE1:extensions\browser\content_verifier\content_hash.cc:397] content mismatch for 
_locales/fa/messages.json
[19156:10984:0929/024204.702:VERBOSE1:extensions\browser\content_verifier\content_hash.cc:397] content mismatch for 
_locales/fi/messages.json
[19156:10984:0929/024204.702:VERBOSE1:extensions\browser\content_verifier\content_hash.cc:397] content mismatch for 
_locales/fil/messages.json
[19156:10984:0929/024204.702:VERBOSE1:extensions\browser\content_verifier\content_hash.cc:397] content mismatch for 
_locales/fr/messages.json
[19156:10984:0929/024204.702:VERBOSE1:extensions\browser\content_verifier\content_hash.cc:397] content mismatch for 
_locales/fr_CA/messages.json
[19156:10984:0929/024204.702:VERBOSE1:extensions\browser\content_verifier\content_hash.cc:397] content mismatch for 
_locales/gl/messages.json
[19156:10984:0929/024204.702:VERBOSE1:extensions\browser\content_verifier\content_hash.cc:397] content mismatch for 
_locales/gu/messages.json
[19156:10984:0929/024204.702:VERBOSE1:extensions\browser\content_verifier\content_hash.cc:397] content mismatch for 
_locales/hi/messages.json
[19156:10984:0929/024204.702:VERBOSE1:extensions\browser\content_verifier\content_hash.cc:397] content mismatch for 
_locales/hr/messages.json
[19156:10984:0929/024204.702:VERBOSE1:extensions\browser\content_verifier\content_hash.cc:397] content mismatch for 
_locales/hu/messages.json
[19156:10984:0929/024204.702:VERBOSE1:extensions\browser\content_verifier\content_hash.cc:397] content mismatch for 
_locales/hy/messages.json
[19156:10984:0929/024204.702:VERBOSE1:extensions\browser\content_verifier\content_hash.cc:397] content mismatch for 
_locales/id/messages.json
[19156:10984:0929/024204.702:VERBOSE1:extensions\browser\content_verifier\content_hash.cc:397] content mismatch for 
_locales/is/messages.json
[19156:10984:0929/024204.702:VERBOSE1:extensions\browser\content_verifier\content_hash.cc:397] content mismatch for 
_locales/it/messages.json
[19156:10984:0929/024204.702:VERBOSE1:extensions\browser\content_verifier\content_hash.cc:397] content mismatch for 
_locales/ja/messages.json
[19156:10984:0929/024204.702:VERBOSE1:extensions\browser\content_verifier\content_hash.cc:397] content mismatch for 
_locales/ka/messages.json
[19156:10984:0929/024204.702:VERBOSE1:extensions\browser\content_verifier\content_hash.cc:397] content mismatch for 
_locales/kk/messages.json
[19156:10984:0929/024204.702:VERBOSE1:extensions\browser\content_verifier\content_hash.cc:397] content mismatch for 
_locales/km/messages.json
[19156:10984:0929/024204.702:VERBOSE1:extensions\browser\content_verifier\content_hash.cc:397] content mismatch for 
_locales/kn/messages.json
[19156:10984:0929/024204.702:VERBOSE1:extensions\browser\content_verifier\content_hash.cc:397] content mismatch for 
_locales/ko/messages.json
[19156:10984:0929/024204.702:VERBOSE1:extensions\browser\content_verifier\content_hash.cc:397] content mismatch for 
_locales/lo/messages.json
[19156:10984:0929/024204.702:VERBOSE1:extensions\browser\content_verifier\content_hash.cc:397] content mismatch for 
_locales/lt/messages.json
[19156:10984:0929/024204.702:VERBOSE1:extensions\browser\content_verifier\content_hash.cc:397] content mismatch for 
_locales/lv/messages.json
[19156:10984:0929/024204.702:VERBOSE1:extensions\browser\content_verifier\content_hash.cc:397] content mismatch for 
_locales/mk/messages.json
[19156:10984:0929/024204.702:VERBOSE1:extensions\browser\content_verifier\content_hash.cc:397] content mismatch for 
_locales/ml/messages.json
[19156:10984:0929/024204.702:VERBOSE1:extensions\browser\content_verifier\content_hash.cc:397] content mismatch for 
_locales/mn/messages.json
[19156:10984:0929/024204.702:VERBOSE1:extensions\browser\content_verifier\content_hash.cc:397] content mismatch for 
_locales/mr/messages.json
[19156:10984:0929/024204.702:VERBOSE1:extensions\browser\content_verifier\content_hash.cc:397] content mismatch for 
_locales/ms/messages.json
[19156:10984:0929/024204.702:VERBOSE1:extensions\browser\content_verifier\content_hash.cc:397] content mismatch for 
_locales/my/messages.json
[19156:10984:0929/024204.702:VERBOSE1:extensions\browser\content_verifier\content_hash.cc:397] content mismatch for 
_locales/ne/messages.json
[19156:10984:0929/024204.702:VERBOSE1:extensions\browser\content_verifier\content_hash.cc:397] content mismatch for 
_locales/nl/messages.json
[19156:10984:0929/024204.702:VERBOSE1:extensions\browser\content_verifier\content_hash.cc:397] content mismatch for 
_locales/no/messages.json
[19156:10984:0929/024204.702:VERBOSE1:extensions\browser\content_verifier\content_hash.cc:397] content mismatch for 
_locales/or/messages.json
[19156:10984:0929/024204.702:VERBOSE1:extensions\browser\content_verifier\content_hash.cc:397] content mismatch for 
_locales/pa/messages.json
[19156:10984:0929/024204.702:VERBOSE1:extensions\browser\content_verifier\content_hash.cc:397] content mismatch for 
_locales/pl/messages.json
[19156:10984:0929/024204.702:VERBOSE1:extensions\browser\content_verifier\content_hash.cc:397] content mismatch for 
_locales/pt_BR/messages.json
[19156:10984:0929/024204.702:VERBOSE1:extensions\browser\content_verifier\content_hash.cc:397] content mismatch for 
_locales/pt_PT/messages.json
[19156:10984:0929/024204.702:VERBOSE1:extensions\browser\content_verifier\content_hash.cc:397] content mismatch for 
_locales/ro/messages.json
[19156:10984:0929/024204.702:VERBOSE1:extensions\browser\content_verifier\content_hash.cc:397] content mismatch for 
_locales/ru/messages.json
[19156:10984:0929/024204.702:VERBOSE1:extensions\browser\content_verifier\content_hash.cc:397] content mismatch for 
_locales/si/messages.json
[19156:10984:0929/024204.702:VERBOSE1:extensions\browser\content_verifier\content_hash.cc:397] content mismatch for 
_locales/sk/messages.json
[19156:10984:0929/024204.702:VERBOSE1:extensions\browser\content_verifier\content_hash.cc:397] content mismatch for 
_locales/sl/messages.json
[19156:10984:0929/024204.702:VERBOSE1:extensions\browser\content_verifier\content_hash.cc:397] content mismatch for 
_locales/sq/messages.json
[19156:10984:0929/024204.702:VERBOSE1:extensions\browser\content_verifier\content_hash.cc:397] content mismatch for 
_locales/sr/messages.json
[19156:10984:0929/024204.702:VERBOSE1:extensions\browser\content_verifier\content_hash.cc:397] content mismatch for 
_locales/sv/messages.json
[19156:10984:0929/024204.702:VERBOSE1:extensions\browser\content_verifier\content_hash.cc:397] content mismatch for 
_locales/sw/messages.json
[19156:10984:0929/024204.702:VERBOSE1:extensions\browser\content_verifier\content_hash.cc:397] content mismatch for 
_locales/ta/messages.json
[19156:10984:0929/024204.702:VERBOSE1:extensions\browser\content_verifier\content_hash.cc:397] content mismatch for 
_locales/te/messages.json
[19156:10984:0929/024204.702:VERBOSE1:extensions\browser\content_verifier\content_hash.cc:397] content mismatch for 
_locales/th/messages.json
[19156:10984:0929/024204.702:VERBOSE1:extensions\browser\content_verifier\content_hash.cc:397] content mismatch for 
_locales/tr/messages.json
[19156:10984:0929/024204.702:VERBOSE1:extensions\browser\content_verifier\content_hash.cc:397] content mismatch for 
_locales/uk/messages.json
[19156:10984:0929/024204.702:VERBOSE1:extensions\browser\content_verifier\content_hash.cc:397] content mismatch for 
_locales/ur/messages.json
[19156:10984:0929/024204.702:VERBOSE1:extensions\browser\content_verifier\content_hash.cc:397] content mismatch for 
_locales/uz/messages.json
[19156:10984:0929/024204.702:VERBOSE1:extensions\browser\content_verifier\content_hash.cc:397] content mismatch for 
_locales/vi/messages.json
[19156:10984:0929/024204.702:VERBOSE1:extensions\browser\content_verifier\content_hash.cc:397] content mismatch for 
_locales/zh_CN/messages.json
[19156:10984:0929/024204.702:VERBOSE1:extensions\browser\content_verifier\content_hash.cc:397] content mismatch for 
_locales/zh_TW/messages.json
[19156:10984:0929/024204.702:VERBOSE1:extensions\browser\content_verifier\content_hash.cc:397] content mismatch for 
_locales/zu/messages.json
[19156:10984:0929/024204.702:VERBOSE1:extensions\browser\content_verifier\content_hash.cc:397] content mismatch for 
manifest.json
[19156:22232:0929/024204.705:VERBOSE1:extensions\browser\content_verifier\content_verifier.cc:939] OnFetchComplete 
ghbmnnjooekpmoecnnnilnnbdlolhkhi success:1
[19156:7236:0929/024205.059:VERBOSE1:extensions\browser\install_signer.cc:370] Got response: {
  "protocol_version": 1,
  "signature": "UsT/RcGZ9XoQarJF2ksaaKg2ojeWFmCJyYCNK9/V6wxXmte8RtCnALY5nKfozo9MVBBKK3MDMT38gxH0dllDrYL5D84K01ErAcf0/Tc
Gfr8yj7rW61WbOyHfSpKQNVxCxL4SpLVBFAEfx5vuOpZyZ5zrYQN5R3vpnFRfKQILXosdWm0aCoDScjmvJGRx7pDrsAmPt+AYmR57dVcHkL5JlWPJ/OxT9X
TUEbDsOx62rbfIEAXh4xLkXRUjbgTF0uL9h+O6jxkOiMFhGMsHtY7dP5woUS8G89FYpVB3f8XHZUSKf/9wWq1+i1U1ZFcH+CPdhuFJjMlnXzSBElC5FPQji
g==",
  "expiry": "2026-12-21",
  "pubkey_sha1_hash": "a2159534e3753e716819beb8aae14b326927505a"
}

[19156:7236:0929/024206.808:VERBOSE1:chrome\browser\policy\cloud\fm_registration_token_uploader.cc:193] Client is 
missing for kUser scope
[19156:7236:0929/024207.004:VERBOSE1:chrome\browser\policy\cloud\fm_registration_token_uploader.cc:193] Client is 
missing for kUser scope
